Table of upregulated genes,,,,,,,Table of gene symbols and names for upregulated genes,,,,,
This table was created by taking the consistently expressed genes in all 4 datasets and filtering for log2FC<-1 and p vlaue<0.05 in the limma output for Dataset 1.,,,,,,,This table was created by taking the geneID column from the table on the left and looking for the genes in BIOGPS. ,,,,,
logFC: estimate of the log2-fold-change corresponding to the contrast,AveExpr: average log2-expression for the probe over all arrays and channels,t: moderated t-statistic,P.Value: raw p-value,adj.P.Val: ajusted p-value,"Gene ID: affy probe ID, these were used to look for the gene symbols in BIOGPS ",,,the affy probe ID taken from geneID column from table on the left,Gene symbol,Gene ID,,
logFC,AveExpr,t,P.Value,adj.P.Val,geneID,,NO.,QUERY,SYMBOL,ID,NAME,SPECIES
2.673374204,7.556615162,13.09581935,0.0000000007611266965,0.000007091565939,212611_at,,1,212611_at,DTX4,23220,deltex E3 ubiquitin ligase 4,human
2.38995258,10.42107814,12.50785361,0.000000001406010574,0.000007687362816,207808_s_at,,2,207808_s_at,PROS1,5627,protein S,human
3.549535241,6.390249268,10.90913657,0.000000009658715244,0.00002112361024,203717_at,,3,203717_at,DPP4,1803,dipeptidyl peptidase 4,human
4.838021406,8.085768529,10.04465879,0.00000003132306612,0.00005037025411,204124_at,,4,204124_at,SLC34A2,10568,solute carrier family 34 member 2,human
2.466354408,6.767875674,9.827204925,0.00000003564532381,0.00005413633553,203355_s_at,,5,203355_s_at,PSD3,23362,pleckstrin and Sec7 domain containing 3,human
3.916645452,7.590868757,9.750753165,0.00000004362686134,0.00006241097709,207144_s_at,,6,207144_s_at,CITED1,4435,Cbp/p300 interacting transactivator with Glu/Asp rich carboxy-terminal domain 1,human
3.273375107,6.246795723,9.648326005,0.00000004788202631,0.00006241097709,205328_at,,7,205328_at,CLDN10,9071,claudin 10,human
3.557748299,9.688165087,9.437353245,0.00000006506987927,0.00006841722402,211429_s_at,,8,211429_s_at,SERPINA1,5265,serpin family A member 1,human
2.275977823,5.798823575,9.119945494,0.00000009241593235,0.00008864633511,209474_s_at,,9,209474_s_at,ENTPD1,953,ectonucleoside triphosphate diphosphohydrolase 1,human
2.107308305,9.70691163,9.069544546,0.00000009818974613,0.000092560765,208949_s_at,,10,208949_s_at,LGALS3,3958,galectin 3,human
1.489662166,11.44697978,8.986757053,0.0000001073402281,0.00009947164361,200701_at,,11,200701_at,NPC2,10577,NPC intracellular cholesterol transporter 2,human
3.338939257,4.712255647,8.821406808,0.0000001521566309,0.0001299869343,214702_at,,12,214702_at,FN1,2335,fibronectin 1,human
2.704380336,6.652550364,8.721431005,0.0000001678931174,0.0001390841848,205174_s_at,,13,205174_s_at,QPCT,25797,glutaminyl-peptide cyclotransferase,human
4.292096492,8.765545421,8.783115305,0.0000001716532742,0.0001400767577,202833_s_at,,14,202833_s_at,SERPINA1,5265,serpin family A member 1,human
1.860148646,7.050678129,8.568132933,0.0000001989675429,0.000157754033,203854_at,,15,203854_at,CFI,3426,complement factor I,human
2.318565314,6.617360923,8.535528586,0.0000002144216846,0.0001651197973,203256_at,,16,203256_at,CDH3,1001,cadherin 3,human
3.132907637,6.605979372,8.472618738,0.0000002493572639,0.0001817814454,212992_at,,17,212992_at,AHNAK2,113146,AHNAK nucleoprotein 2,human
3.298248045,10.7417057,8.380766367,0.0000002893022638,0.0002036372479,216442_x_at,,18,216442_x_at,FN1,2335,fibronectin 1,human
2.159263529,7.966794253,8.245915115,0.0000003264304408,0.0002176534677,37408_at,,19,37408_at,MRC2,9902,mannose receptor C type 2,human
4.064464509,5.56557461,8.31977028,0.0000003345192214,0.0002203594992,209792_s_at,,20,209792_s_at,KLK10,5655,kallikrein related peptidase 10,human
5.295014649,8.495259585,8.268136054,0.000000389323661,0.0002487946834,221266_s_at,,21,221266_s_at,DCSTAMP,81501,dendrocyte expressed seven transmembrane protein,human
1.901543943,6.073910838,7.901411648,0.0000005435849914,0.0003095886397,205016_at,,22,205016_at,TGFA,7039,transforming growth factor alpha,human
3.231112876,10.7633103,7.94419881,0.0000005585704782,0.0003116310296,210495_x_at,,23,210495_x_at,FN1,2335,fibronectin 1,human
2.181249482,6.449302252,7.86117905,0.0000005884256279,0.0003217217121,207691_x_at,,24,207691_x_at,ENTPD1,953,ectonucleoside triphosphate diphosphohydrolase 1,human
1.667635462,9.190447642,7.82349726,0.0000006062731988,0.0003281978925,203786_s_at,,25,203786_s_at,TPD52L1,7164,TPD52 like 1,human
1.180901836,6.141079764,7.777496414,0.0000006419639044,0.000335425753,202528_at,,26,202528_at,GALE,2582,UDP-galactose-4-epimerase,human
3.345118486,10.70378445,7.800536084,0.0000007043652215,0.0003599174625,212464_s_at,,27,212464_s_at,FN1,2335,fibronectin 1,human
2.854913084,6.639681545,7.768622454,0.0000007136098001,0.0003612649613,208161_s_at,,28,208161_s_at,ABCC3,8714,ATP binding cassette subfamily C member 3,human
1.847642042,8.44780559,7.63729636,0.0000008188273881,0.000392713925,209473_at,,29,209473_at,ENTPD1,953,ectonucleoside triphosphate diphosphohydrolase 1,human
2.140696564,10.70205062,7.592837315,0.0000008941899799,0.0004164368773,218309_at,,30,218309_at,CAMK2N1,55450,calcium/calmodulin dependent protein kinase II inhibitor 1,human
3.881410224,6.300720228,7.436492177,0.000001306018239,0.0005492811323,208025_s_at,,31,208025_s_at,HMGA2,8091,high mobility group AT-hook 2,human
1.680131258,7.161080745,7.165515624,0.000001734901544,0.0006873604486,213422_s_at,,32,213422_s_at,MXRA8,54587,matrix remodeling associated 8,human
1.186975709,9.684948854,7.12691071,0.000001818391095,0.0007101466653,222294_s_at,,33,222294_s_at,RAB27A,5873,"RAB27A, member RAS oncogene family",human
2.065483305,6.775473167,7.14317639,0.000001840455798,0.0007136661047,209270_at,,34,209270_at,LAMB3,3914,laminin subunit beta 3,human
1.910919351,10.67884343,7.025642871,0.000002213438372,0.0008067982865,203510_at,,35,203510_at,MET,4233,"MET proto-oncogene, receptor tyrosine kinase",human
1.982023353,8.715940645,6.954013131,0.000002505225516,0.0008806613804,215380_s_at,,36,215380_s_at,GGCT,79017,gamma-glutamylcyclotransferase,human
2.836211561,5.333582718,6.985421994,0.000002533157359,0.0008806613804,211478_s_at,,37,211478_s_at,DPP4,1803,dipeptidyl peptidase 4,human
1.856451222,8.707292777,6.924134756,0.000002613233749,0.0008986072655,218313_s_at,,38,218313_s_at,GALNT7,51809,polypeptide N-acetylgalactosaminyltransferase 7,human
1.628041274,5.817455827,6.905233651,0.000002664530961,0.0009048647845,202733_at,,39,202733_at,P4HA2,8974,prolyl 4-hydroxylase subunit alpha 2,human
2.959172348,11.02568988,6.949359216,0.000002717245363,0.0009170703099,211719_x_at,,40,211719_x_at,FN1,2335,fibronectin 1,human
4.155012124,8.845692861,6.955681746,0.000002938345511,0.000961429545,37004_at,,41,37004_at,SFTPB,6439,surfactant protein B,human
2.336102527,8.475318316,6.699559063,0.00000395021085,0.001188134407,209360_s_at,,42,209360_s_at,RUNX1,861,RUNX family transcription factor 1,human
,,,,,,,,209360_s_at,LOC101928269,101928269,uncharacterized LOC101928269,human
,,,,,,,,209360_s_at,LOC100506403,100506403,uncharacterized LOC100506403,human
3.560520376,9.6290057,6.652986871,0.000004713422571,0.001369806121,209810_at,,43,209810_at,SFTPB,6439,surfactant protein B,human
2.893265626,7.818386339,6.619955481,0.000004734393851,0.001369806121,206765_at,,44,206765_at,KCNJ2,3759,potassium inwardly rectifying channel subfamily J member 2,human
1.97075323,5.821879844,6.544371398,0.000005023195979,0.001394128122,204401_at,,45,204401_at,KCNN4,3783,potassium calcium-activated channel subfamily N member 4,human
2.347381664,7.099546915,6.408465556,0.000006543137484,0.00171170355,201487_at,,46,201487_at,CTSC,1075,cathepsin C,human
2.074435874,7.279358977,6.221039608,0.00000891700845,0.002092435352,219743_at,,47,219743_at,HEY2,23493,hes related family bHLH transcription factor with YRPW motif 2,human
3.294505828,6.852885943,6.237220717,0.000009566955983,0.00218859129,205728_at,,48,205728_at,TENM1,10178,teneurin transmembrane protein 1,human
1.904533936,6.07620355,6.150883945,0.000009980701186,0.002264293931,218613_at,,49,218613_at,PSD3,23362,pleckstrin and Sec7 domain containing 3,human
3.320883611,8.552748497,6.18262335,0.000010569152,0.002358646471,212850_s_at,,50,212850_s_at,LRP4,4038,LDL receptor related protein 4,human
2.191967425,6.476271075,5.974741565,0.00001399799996,0.002954983197,201650_at,,51,201650_at,KRT19,3880,keratin 19,human
1.7583337,9.369849583,5.924562973,0.00001485189729,0.003052734904,213693_s_at,,52,213693_s_at,MUC1,4582,"mucin 1, cell surface associated",human
2.167502141,8.336860993,5.889881255,0.00001630154117,0.003206518241,209990_s_at,,53,209990_s_at,GABBR2,9568,gamma-aminobutyric acid type B receptor subunit 2,human
1.548038859,7.446442007,5.864510662,0.00001636247991,0.003206518241,202826_at,,54,202826_at,SPINT1,6692,"serine peptidase inhibitor, Kunitz type 1",human
2.673655162,5.614787946,5.832552767,0.0000188962734,0.003526122008,206884_s_at,,55,206884_s_at,SCEL,8796,sciellin,human
1.645373874,6.147035464,5.766371923,0.00001968409759,0.003635905525,211343_s_at,,56,211343_s_at,COL13A1,1305,collagen type XIII alpha 1 chain,human
1.417587474,4.529662217,5.447219105,0.00003515920351,0.005476722086,214701_s_at,,57,214701_s_at,FN1,2335,fibronectin 1,human
2.195041791,7.458027976,5.436407987,0.0000379286011,0.005808813067,213241_at,,58,213241_at,PLXNC1,10154,plexin C1,human
1.388659003,9.433194185,5.375547592,0.00004017923339,0.006068507143,202609_at,,59,202609_at,EPS8,2059,epidermal growth factor receptor pathway substrate 8,human
2.438073892,8.279665901,5.401331282,0.0000414155505,0.006153247891,213135_at,,60,213135_at,TIAM1,7074,TIAM Rac1 associated GEF 1,human
1.252030527,8.885718853,5.343509708,0.00004244673158,0.006241245877,208712_at,,61,208712_at,CCND1,595,cyclin D1,human
2.329082833,5.858819039,5.336149095,0.00004642366195,0.006644538527,213423_x_at,,62,213423_x_at,TUSC3,7991,tumor suppressor candidate 3,human
3.441132549,6.533992439,5.385844876,0.00004656032365,0.006646698943,203180_at,,63,203180_at,ALDH1A3,220,aldehyde dehydrogenase 1 family member A3,human
2.082627259,6.44302301,5.288342194,0.00004976009951,0.0069939163,218960_at,,64,218960_at,TMPRSS4,56649,transmembrane serine protease 4,human
1.857505472,6.599220888,5.247023892,0.00005284904932,0.007286122523,221073_s_at,,65,221073_s_at,NOD1,10392,nucleotide binding oligomerization domain containing 1,human
1.440229474,6.403427926,5.221528428,0.00005394676489,0.007337162612,204014_at,,66,204014_at,DUSP4,1846,dual specificity phosphatase 4,human
2.666561946,6.943581721,5.157210034,0.0000675154378,0.008613061128,204105_s_at,,67,204105_s_at,NRCAM,4897,neuronal cell adhesion molecule,human
2.877444065,6.292020419,5.122313641,0.00007365169244,0.009202418965,212531_at,,68,212531_at,LCN2,3934,lipocalin 2,human
3.332712349,8.639350114,5.067203877,0.00008534283423,0.01027779617,209396_s_at,,69,209396_s_at,CHI3L1,1116,chitinase 3 like 1,human
2.482324478,9.400745025,5.015756014,0.00008736024159,0.01047460791,214175_x_at,,70,214175_x_at,PDLIM4,8572,PDZ and LIM domain 4,human
1.5167069,8.412561571,4.963838467,0.00008898245903,0.010530554,209515_s_at,,71,209515_s_at,RAB27A,5873,"RAB27A, member RAS oncogene family",human
1.736057802,7.136496987,4.908520092,0.0001006873683,0.01149286401,221840_at,,72,221840_at,PTPRE,5791,protein tyrosine phosphatase receptor type E,human
1.184853133,9.440902665,4.880557419,0.0001028956815,0.01157135379,203349_s_at,,73,203349_s_at,ETV5,2119,ETS variant transcription factor 5,human
1.062560651,6.325012702,4.81030279,0.0001175717377,0.0128308079,209228_x_at,,74,209228_x_at,TUSC3,7991,tumor suppressor candidate 3,human
1.611305269,6.80776307,4.744729948,0.0001375273834,0.0145723056,214803_at,,75,214803_at,CDH6,1004,cadherin 6,human
2.003405637,5.468583069,4.754796804,0.0001394409839,0.01473102427,205954_at,,76,205954_at,RXRG,6258,retinoid X receptor gamma,human
3.969652556,9.20082858,4.778147119,0.0001587572976,0.01637551494,209395_at,,77,209395_at,CHI3L1,1116,chitinase 3 like 1,human
1.661415775,4.000820122,4.638419527,0.0001703946001,0.01725245326,209227_at,,78,209227_at,TUSC3,7991,tumor suppressor candidate 3,human
2.587176349,7.376139149,4.624527725,0.0001914284923,0.01845917604,202436_s_at,,79,202436_s_at,CYP1B1,1545,cytochrome P450 family 1 subfamily B member 1,human
2.286432641,7.674267922,4.585497816,0.000200870455,0.01900102444,209457_at,,80,209457_at,DUSP5,1847,dual specificity phosphatase 5,human
2.186094606,5.905713753,4.53552517,0.0002198339117,0.02026883494,221577_x_at,,81,221577_x_at,GDF15,9518,growth differentiation factor 15,human
3.523935771,9.404130657,4.567108098,0.0002341722309,0.02133894454,202286_s_at,,82,202286_s_at,TACSTD2,4070,tumor associated calcium signal transducer 2,human
1.198149015,5.215233288,4.382377719,0.0002753815101,0.0240135312,205490_x_at,,83,205490_x_at,GJB3,2707,gap junction protein beta 3,human
1.684577205,9.631071126,4.364065053,0.0002957017377,0.02534089735,203780_at,,84,203780_at,MPZL2,10205,myelin protein zero like 2,human
1.604296766,5.725265592,4.320717394,0.0003204613256,0.02683605656,219630_at,,85,219630_at,PDZK1IP1,10158,PDZK1 interacting protein 1,human
2.151944897,7.445397368,4.342415597,0.0003236554572,0.02701658339,211564_s_at,,86,211564_s_at,PDLIM4,8572,PDZ and LIM domain 4,human
1.357466743,4.737056811,4.245239795,0.000366136192,0.02968767949,205713_s_at,,87,205713_s_at,COMP,1311,cartilage oligomeric matrix protein,human
1.418721003,7.080130343,4.233321233,0.0003766978849,0.02994028175,202458_at,,88,202458_at,PRSS23,11098,serine protease 23,human
1.730962546,7.83733628,4.161216682,0.0004482395356,0.03427621903,218856_at,,89,218856_at,TNFRSF21,27242,TNF receptor superfamily member 21,human
2.241071928,9.738845838,4.180267957,0.0004549965501,0.03452729406,201666_at,,90,201666_at,TIMP1,7076,TIMP metallopeptidase inhibitor 1,human
1.353488747,5.156564754,4.137180645,0.0004555552532,0.03452729406,203716_s_at,,91,203716_s_at,DPP4,1803,dipeptidyl peptidase 4,human
2.162600361,6.084378848,4.038650741,0.0006037236986,0.04226452397,202435_s_at,,92,202435_s_at,CYP1B1,1545,cytochrome P450 family 1 subfamily B member 1,human
1.694066821,10.31632722,4.007519899,0.0006116781357,0.04254898482,202071_at,,93,202071_at,SDC4,6385,syndecan 4,human
2.129468302,9.118097409,3.9676451,0.0006965734256,0.04701870623,202295_s_at,,94,202295_s_at,CTSH,1512,cathepsin H,human
1.059198168,7.548103813,3.896832993,0.0007303899737,0.04864076956,210605_s_at,,95,210605_s_at,MFGE8,4240,milk fat globule EGF and factor V/VIII domain containing,human
Table of downregulated genes,,,,,,,Table of gene symbols and names for downregulated genes,,,,,
This table was created by taking the consistently expressed genes in all 4 datasets and filtering for log2FC<-1 and p vlaue<0.05 in the limma output for Dataset 1.,,,,,,,This table was created by taking the geneID column from the table on the left and looking for the genes in BIOGPS. ,,,,,,
logFC: estimate of the log2-fold-change corresponding to the contrast,AveExpr: average log2-expression for the probe over all arrays and channels,t: moderated t-statistic,P.Value: raw p-value,adj.P.Val: ajusted p-value,"Gene ID: affy probe ID, these were used to look for the gene symbols in BIOGPS ",,,the affy probe ID taken from geneID column from table on the left,Gene symbol,Gene ID,,,
logFC,AveExpr,t,P.Value,adj.P.Val,geneID,,NO.,QUERY,SYMBOL,ID,NAME,SPECIES,
-3.896396003,8.446024186,-20.25405254,0,0.00000006122677296,214735_at,,1,214735_at,IPCEF1,26034,interaction protein for cytohesin exchange factors 1,human,
-2.536899186,7.676915047,-13.72262956,0.0000000003953736373,0.000006132180642,203710_at,,2,203710_at,ITPR1,3708,"inositol 1,4,5-trisphosphate receptor type 1",human,
-3.730661562,5.991407617,-12.90529703,0.00000000099863529,0.000007091565939,220723_s_at,,3,220723_s_at,CWH43,80157,cell wall biogenesis 43 C-terminal homolog,human,
-3.747716684,6.007116339,-12.81192842,0.000000001104795208,0.000007091565939,203908_at,,4,203908_at,SLC4A4,8671,solute carrier family 4 member 4,human,
-2.87175477,9.086249708,-12.22361838,0.000000001983850003,0.000008807784492,202350_s_at,,5,202350_s_at,MATN2,4147,matrilin 2,human,
-2.776744043,5.265888825,-11.88134139,0.000000002901547266,0.000009986496227,207789_s_at,,6,207789_s_at,DPP6,1804,dipeptidyl peptidase like 6,human,
-2.057848322,5.071623122,-11.1986243,0.000000006177885181,0.00001583985994,214307_at,,7,214307_at,HGD,3081,"homogentisate 1,2-dioxygenase",human,
-2.98539995,4.966305772,-11.2242472,0.000000006344386696,0.00001583985994,209470_s_at,,8,209470_s_at,GPM6A,2823,glycoprotein M6A,human,
-4.523502084,7.942049648,-11.25420425,0.000000006773929944,0.00001610280955,205413_at,,9,205413_at,MPPED2,744,metallophosphoesterase domain containing 2,human,
-2.254120597,6.187726116,-10.60377708,0.00000001293354695,0.00002438419585,205498_at,,10,205498_at,GHR,2690,growth hormone receptor,human,
-2.358823054,6.795760396,-10.15715877,0.00000002297448456,0.00003925406073,216944_s_at,,11,216944_s_at,ITPR1,3708,"inositol 1,4,5-trisphosphate receptor type 1",human,
-2.41732089,5.131207749,-10.0747429,0.00000002566251318,0.00004251811843,214745_at,,12,214745_at,PLCH1,23007,phospholipase C eta 1,human,
-2.5710816,6.603823377,-9.88390697,0.00000003329473394,0.00005201113081,209469_at,,13,209469_at,GPM6A,2823,glycoprotein M6A,human,
-2.276556964,6.976489269,-9.577852001,0.00000004919183235,0.00006241097709,205876_at,,14,205876_at,LIFR,3977,LIF receptor subunit alpha,human,
-2.294343986,7.174732287,-9.555636687,0.00000005074933808,0.00006241097709,205221_at,,15,205221_at,HGD,3081,"homogentisate 1,2-dioxygenase",human,
-1.624119236,7.793146673,-9.427757742,0.00000005839656985,0.0000653523936,213103_at,,16,213103_at,STARD13,90627,StAR related lipid transfer domain containing 13,human,
-3.718365669,7.92184471,-9.392816738,0.00000006994779939,0.0000721584138,204623_at,,17,204623_at,TFF3,7033,trefoil factor 3,human,
-4.469427006,8.375240009,-8.938408908,0.0000001388925987,0.00012449103,210342_s_at,,18,210342_s_at,TPO,7173,thyroid peroxidase,human,
-2.610367637,6.798862915,-8.786748522,0.0000001517576342,0.0001299869343,207981_s_at,,19,207981_s_at,ESRRG,2104,estrogen related receptor gamma,human,
-3.769182491,6.03682654,-8.517801978,0.0000002441730593,0.0001804075949,209613_s_at,,20,209613_s_at,ADH1B,125,"alcohol dehydrogenase 1B (class I), beta polypeptide",human,
-4.259778898,6.063649356,-8.415818058,0.0000002935452915,0.0002036372479,206457_s_at,,21,206457_s_at,DIO1,1733,iodothyronine deiodinase 1,human,
-3.077222512,4.607851474,-8.320735184,0.0000003113531447,0.0002101633727,219643_at,,22,219643_at,LRP1B,53353,LDL receptor related protein 1B,human,
-2.858965948,6.054386997,-7.909467236,0.0000005731737148,0.0003165482107,206806_at,,23,206806_at,DGKI,9162,diacylglycerol kinase iota,human,
-2.366805284,4.546929369,-7.820804578,0.0000006345102744,0.000335425753,220724_at,,24,220724_at,CWH43,80157,cell wall biogenesis 43 C-terminal homolog,human,
-2.836632244,6.625946505,-7.532518977,0.000001035477991,0.0004602825949,219877_at,,25,219877_at,ZMAT4,79698,zinc finger matrin-type 4,human,
-1.799777611,6.439440031,-7.438448415,0.000001120894192,0.0004902791196,219077_s_at,,26,219077_s_at,WWOX,51741,WW domain containing oxidoreductase,human,
-2.055713067,4.654719136,-7.414632046,0.000001182292284,0.0005010994622,205083_at,,27,205083_at,AOX1,316,aldehyde oxidase 1,human,
-4.214785391,7.399121676,-7.34251735,0.000001555904534,0.0006301413362,205350_at,,28,205350_at,CRABP1,1381,cellular retinoic acid binding protein 1,human,
-2.553783805,7.125185354,-6.783714118,0.000003480755475,0.001093737388,203060_s_at,,29,203060_s_at,PAPSS2,9060,3'-phosphoadenosine 5'-phosphosulfate synthase 2,human,
-1.675949349,8.430948387,-6.70090277,0.000003772330905,0.001158720181,209242_at,,30,209242_at,PEG3,5178,paternally expressed 3,human,
-1.807109339,5.804180801,-6.698760043,0.000003813702367,0.00116488367,213679_at,,31,213679_at,TTC30A,92104,tetratricopeptide repeat domain 30A,human,
-2.722361631,6.426498013,-6.605122023,0.000004790399488,0.001371283204,204755_x_at,,32,204755_x_at,HLF,3131,"HLF transcription factor, PAR bZIP family member",human,
-1.548428916,6.702833874,-6.535830896,0.000004976047707,0.001388088818,213839_at,,33,213839_at,CLMN,79789,calmin,human,
-3.086979231,9.17658352,-6.467448705,0.000006267067363,0.001663358777,206529_x_at,,34,206529_x_at,SLC26A4,5172,solute carrier family 26 member 4,human,
-2.498558292,6.747785856,-6.427157401,0.000006409540138,0.001684815418,205051_s_at,,35,205051_s_at,KIT,3815,"KIT proto-oncogene, receptor tyrosine kinase",human,
-1.891161328,4.377183646,-6.326188576,0.000007309773488,0.00181123064,209612_s_at,,36,209612_s_at,ADH1B,125,"alcohol dehydrogenase 1B (class I), beta polypeptide",human,
-2.081368782,4.296645962,-6.259299984,0.000008336447969,0.001981718664,214930_at,,37,214930_at,SLITRK5,26050,SLIT and NTRK like family member 5,human,
-2.281264418,7.164235112,-6.212897117,0.000009192514932,0.002132966915,203911_at,,38,203911_at,RAP1GAP,5909,RAP1 GTPase activating protein,human,
-2.352498843,5.698959261,-6.213940818,0.000009228026351,0.002132966915,206517_at,,39,206517_at,CDH16,1014,cadherin 16,human,
-1.934715129,9.499624798,-6.059109326,0.0000117882402,0.002588441899,210524_x_at,,40,210524_x_at,MT1F,4494,metallothionein 1F,human,This gene was not found by BIOGPS so I looked it up on Gene Enrichment Profiler
-1.848873813,4.927120098,-5.952054941,0.00001421499497,0.002976247677,217127_at,,41,217127_at,CTH,1491,cystathionine gamma-lyase,human,
-1.972266981,4.933604265,-5.906727972,0.00001557110888,0.003118499554,204513_s_at,,42,204513_s_at,ELMO1,9844,engulfment and cell motility 1,human,
-1.732389659,4.582774303,-5.886564139,0.00001588725197,0.003158674551,214308_s_at,,43,214308_s_at,HGD,3081,"homogentisate 1,2-dioxygenase",human,
-2.144768141,9.905819013,-5.883628249,0.00001645856521,0.00321382876,213629_x_at,,44,213629_x_at,MT1F,4494,metallothionein 1F,human,"Turns out it was the same gene as this one, it has alternative probes."
-1.13396897,6.908092774,-5.772513871,0.00001906027631,0.003544627915,203221_at,,45,203221_at,TLE1,7088,"TLE family member 1, transcriptional corepressor",human,
-1.736304289,4.705113608,-5.763947485,0.00001988451428,0.003657102889,205501_at,,46,205501_at,PDE10A,10846,phosphodiesterase 10A,human,
-1.468800004,5.42557527,-5.671113669,0.00002323309337,0.004097643161,213308_at,,47,213308_at,SHANK2,22941,SH3 and multiple ankyrin repeat domains 2,human,
-1.30798197,9.47147678,-5.623591197,0.00002519341214,0.004372856536,217853_at,,48,217853_at,TNS3,64759,tensin 3,human,
-1.817622048,5.41561336,-5.626532986,0.0000257728618,0.004445208893,210473_s_at,,49,210473_s_at,ADGRA3,166647,adhesion G protein-coupled receptor A3,human,
-1.868225728,6.525247419,-5.488321754,0.00003348708365,0.005322402031,204042_at,,50,204042_at,WASF3,10810,WASP family member 3,human,
-1.739435429,5.970834886,-5.458850273,0.00003506305247,0.005476722086,204288_s_at,,51,204288_s_at,SORBS2,8470,sorbin and SH3 domain containing 2,human,
-3.015731905,7.778860207,-5.516413488,0.00003506788552,0.005476722086,203980_at,,52,203980_at,FABP4,2167,fatty acid binding protein 4,human,
-2.816580362,7.343143475,-5.497319014,0.00003572587411,0.005528747845,210299_s_at,,53,210299_s_at,FHL1,2273,four and a half LIM domains 1,human,
-1.852592185,9.169849819,-5.403839273,0.00003921617388,0.005955956408,219049_at,,54,219049_at,CSGALNACT1,55790,chondroitin sulfate N-acetylgalactosaminyltransferase 1,human,
-1.808624527,7.787246778,-5.360019133,0.00004246444383,0.006241245877,212224_at,,55,212224_at,ALDH1A1,216,aldehyde dehydrogenase 1 family member A1,human,
-2.331081886,7.001376556,-5.315725377,0.00004827623998,0.006838091764,207980_s_at,,56,207980_s_at,CITED2,10370,Cbp/p300 interacting transactivator with Glu/Asp rich carboxy-terminal domain 2,human,
-1.002974345,4.469559868,-5.254698846,0.00004990750204,0.006996647883,206043_s_at,,57,206043_s_at,ATP2C2,9914,ATPase secretory pathway Ca2+ transporting 2,human,
-2.521785038,6.424537604,-5.295539685,0.00005105259238,0.007102545772,205357_s_at,,58,205357_s_at,AGTR1,185,angiotensin II receptor type 1,human,
-1.772334468,10.04379707,-5.246905584,0.00005251487846,0.007286122523,203240_at,,59,203240_at,FCGBP,8857,Fc fragment of IgG binding protein,human,
-1.806834352,7.200698289,-5.244586997,0.00005288629878,0.007286122523,203387_s_at,,60,203387_s_at,TBC1D4,9882,TBC1 domain family member 4,human,
-2.127475957,7.246965049,-5.180193448,0.00006146336575,0.008058775833,218332_at,,61,218332_at,BEX1,55859,brain expressed X-linked 1,human,
-2.025990081,5.493250344,-5.105685969,0.00007032968918,0.008880544471,204753_s_at,,62,204753_s_at,HLF,3131,"HLF transcription factor, PAR bZIP family member",human,
-2.972182915,8.427911224,-5.058116282,0.00008417372409,0.010249885,219195_at,,63,219195_at,PPARGC1A,10891,PPARG coactivator 1 alpha,human,
-1.586860387,7.675695608,-4.991239062,0.00008476618475,0.01027779617,211596_s_at,,64,211596_s_at,LRIG1,26018,leucine rich repeats and immunoglobulin like domains 1,human,
-1.76958078,6.127540746,-4.991462726,0.0000858886632,0.01032079706,212843_at,,65,212843_at,NCAM1,4684,neural cell adhesion molecule 1,human,
-2.14026465,8.569034636,-4.997121362,0.00008772990743,0.01049104122,218858_at,,66,218858_at,DEPTOR,64798,DEP domain containing MTOR interacting protein,human,
-1.959942303,8.475228481,-4.961081032,0.00009259752687,0.01088767695,214505_s_at,,67,214505_s_at,FHL1,2273,four and a half LIM domains 1,human,
-1.495482863,7.340231447,-4.929652101,0.00009496955819,0.0110477885,209325_s_at,,68,209325_s_at,RGS16,6004,regulator of G protein signaling 16,human,
-2.587169007,5.505158061,-4.940124453,0.0001023189014,0.01155844202,222171_s_at,,69,222171_s_at,PKNOX2,63876,PBX/knotted 1 homeobox 2,human,
-1.579162792,9.613744992,-4.892302567,0.0001027115981,0.01157135379,204686_at,,70,204686_at,IRS1,3667,insulin receptor substrate 1,human,
-2.801813928,5.950058624,-4.943212446,0.0001037813327,0.01160377171,204932_at,,71,204932_at,TNFRSF11B,4982,TNF receptor superfamily member 11b,human,
-1.52932211,9.526446861,-4.767831024,0.0001306335075,0.01400468044,214433_s_at,,72,214433_s_at,SELENBP1,8991,selenium binding protein 1,human,
-1.888991054,6.135052094,-4.76306456,0.0001357469106,0.0144275949,220751_s_at,,73,220751_s_at,FAXDC2,10826,fatty acid hydroxylase domain containing 2,human,
-2.146617968,6.714900281,-4.739257632,0.0001457781737,0.01532773394,209447_at,,74,209447_at,SYNE1,23345,spectrin repeat containing nuclear envelope protein 1,human,
-1.624394025,8.852098946,-4.686309713,0.0001545054132,0.01606004462,49452_at,,75,49452_at,ACACB,32,acetyl-CoA carboxylase beta,human,
-1.101384253,7.676908385,-4.593948813,0.0001800771632,0.01782243561,208228_s_at,,76,208228_s_at,FGFR2,2263,fibroblast growth factor receptor 2,human,
-1.891106237,9.829692453,-4.614261075,0.0001824296137,0.01792932128,217165_x_at,,77,217165_x_at,MT1F,4494,metallothionein 1F,human,
-1.922425072,6.902336741,-4.613318116,0.000183310299,0.01792932128,219778_at,,78,219778_at,ZFPM2,23414,"zinc finger protein, FOG family member 2",human,
-1.235784049,7.225780707,-4.562092221,0.0001928105938,0.01852422003,219277_s_at,,79,219277_s_at,OGDHL,55753,oxoglutarate dehydrogenase L,human,
-1.958152248,8.050697397,-4.554884175,0.0002067275095,0.01948763204,205710_at,,80,205710_at,LRP2,4036,LDL receptor related protein 2,human,
-1.551230755,5.969393278,-4.471174363,0.000235758279,0.02141209951,203058_s_at,,81,203058_s_at,PAPSS2,9060,3'-phosphoadenosine 5'-phosphosulfate synthase 2,human,
-1.806289919,10.65253706,-4.469259573,0.0002419483666,0.02179328985,201540_at,,82,201540_at,FHL1,2273,four and a half LIM domains 1,human,
-1.471177373,10.16734183,-4.452381217,0.0002433248081,0.02184529373,203386_at,,83,203386_at,TBC1D4,9882,TBC1 domain family member 4,human,
-1.492532499,4.811235068,-4.430132357,0.0002548161572,0.02269067329,206209_s_at,,84,206209_s_at,CA4,762,carbonic anhydrase 4,human,
-1.020931698,7.968596112,-4.396589938,0.0002659599932,0.02345381069,203960_s_at,,85,203960_s_at,HSPB11,51668,heat shock protein family B (small) member 11,human,
-1.482796991,8.896443978,-4.397490919,0.0002718664672,0.02378673356,203638_s_at,,86,203638_s_at,FGFR2,2263,fibroblast growth factor receptor 2,human,
-1.859657707,8.281611485,-4.41379147,0.0002719105345,0.02378673356,211696_x_at,,87,211696_x_at,HBB,3043,hemoglobin subunit beta,human,
-1.304211292,6.396260701,-4.374373725,0.0002813924967,0.024382147,210298_x_at,,88,210298_x_at,FHL1,2273,four and a half LIM domains 1,human,
-2.372588812,6.84920483,-4.366362187,0.000315490558,0.0265381539,203474_at,,89,203474_at,IQGAP2,10788,IQ motif containing GTPase activating protein 2,human,
-1.632887171,8.496926409,-4.276925604,0.0003510246283,0.02879760801,206070_s_at,,90,206070_s_at,EPHA3,2042,EPH receptor A3,human,
-1.58185298,4.884689908,-4.250881442,0.0003683755203,0.02973834345,209822_s_at,,91,209822_s_at,VLDLR,7436,very low density lipoprotein receptor,human,
-1.386168147,8.804480374,-4.202208679,0.0004002257689,0.03121589717,203685_at,,92,203685_at,BCL2,596,BCL2 apoptosis regulator,human,
-1.374235694,10.96489622,-4.155190418,0.0004398610076,0.03374352688,218559_s_at,,93,218559_s_at,MAFB,9935,MAF bZIP transcription factor B,human,
-1.440795631,7.016250123,-4.093842125,0.0005008253188,0.03665569096,209737_at,,94,209737_at,MAGI2,9863,"membrane associated guanylate kinase, WW and PDZ domain containing 2",human,
-1.162929295,7.491636398,-4.045480935,0.000542387673,0.03891738323,204917_s_at,,95,204917_s_at,MLLT3,4300,MLLT3 super elongation complex subunit,human,
-2.124788125,6.031942857,-3.989529401,0.0006653842231,0.04551177527,63305_at,,96,63305_at,PKNOX2,63876,PBX/knotted 1 homeobox 2,human,
-1.132073622,9.522699889,-3.941672398,0.0006688634357,0.04559863884,212110_at,,97,212110_at,SLC39A14,23516,solute carrier family 39 member 14,human,
-1.142394093,7.714774696,-3.907527639,0.0007174668345,0.04807291566,219317_at,,98,219317_at,POLI,11201,DNA polymerase iota,human,

Table of upregulated genes,,,,,,,,Table of gene symbols and names for upregulated genes,,,,,
This table was created by taking the consistently expressed genes in all 4 datasets and filtering for log2FC<-1 and p vlaue<0.05 in the limma output for Dataset 1.,,,,,,,,This table was created by taking the geneID column from the table on the left and looking for the genes in BIOGPS. ,,,,,
logFC: estimate of the log2-fold-change corresponding to the contrast,AveExpr: average log2-expression for the probe over all arrays and channels,t: moderated t-statistic,P.Value: raw p-value,adj.P.Val: ajusted p-value,B: log-odds that the gene is differentially expressed,"Gene ID: affy probe ID, these were used to look for the gene symbols in BIOGPS ",,,the affy probe ID taken from geneID column from table on the left,Gene symbol,Gene ID,,
logFC,AveExpr,t,P.Value,adj.P.Val,B,geneID,,NO.,QUERY,SYMBOL,ID,NAME,SPECIES
2.673374204,7.556615162,14.52493365,0.0000000003404126102,0.000003679708899,13.15017505,212611_at,,1,212611_at,DTX4,23220,deltex E3 ubiquitin ligase 4,human
2.38995258,10.42107814,14.05469066,0.0000000005384119103,0.000003679708899,12.7693974,207808_s_at,,2,207808_s_at,PROS1,5627,protein S,human
3.549535241,6.390249268,11.78224703,0.000000006056012452,0.00001173881045,10.68254552,203717_at,,3,203717_at,DPP4,1803,dipeptidyl peptidase 4,human
2.466354408,6.767875674,11.00038585,0.00000001523808127,0.00002192479193,9.856702589,203355_s_at,,4,203355_s_at,PSD3,23362,pleckstrin and Sec7 domain containing 3,human
1.489662166,11.44697978,10.91385049,0.00000001693073602,0.00002373558954,9.761491203,200701_at,,5,200701_at,NPC2,10577,NPC intracellular cholesterol transporter 2,human
4.838021406,8.085768529,10.62216663,0.00000002426671587,0.00002790094155,9.434725952,204124_at,,6,204124_at,SLC34A2,10568,solute carrier family 34 member 2,human
3.273375107,6.246795723,10.49136736,0.00000002858979286,0.00003184972603,9.285215379,205328_at,,7,205328_at,CLDN10,9071,claudin 10,human
3.916645452,7.590868757,10.4527391,0.00000003001720454,0.00003218020898,9.240702236,207144_s_at,,8,207144_s_at,CITED1,4435,Cbp/p300 interacting transactivator with Glu/Asp rich carboxy-terminal domain 1,human
2.107308305,9.70691163,10.36306297,0.00000003362996929,0.00003418119517,9.136727092,208949_s_at,,9,208949_s_at,LGALS3,3958,galectin 3,human
2.275977823,5.798823575,10.31166277,0.00000003590585518,0.00003569368422,9.076726825,209474_s_at,,10,209474_s_at,ENTPD1,953,ectonucleoside triphosphate diphosphohydrolase 1,human
3.557748299,9.688165087,10.19078698,0.00000004192529611,0.00004044826752,8.934454561,211429_s_at,,11,211429_s_at,SERPINA1,5265,serpin family A member 1,human
1.180901836,6.141079764,10.00630319,0.00000005325920391,0.00004760861121,8.714102605,202528_at,,12,202528_at,GALE,2582,UDP-galactose-4-epimerase,human
1.860148646,7.050678129,9.979249119,0.00000005517676814,0.00004788555235,8.681458258,203854_at,,13,203854_at,CFI,3426,complement factor I,human
2.704380336,6.652550364,9.66109154,0.00000008410179694,0.00006568951068,8.291097246,205174_s_at,,14,205174_s_at,QPCT,25797,glutaminyl-peptide cyclotransferase,human
2.318565314,6.617360923,9.62777083,0.00000008794990927,0.00006772762379,8.249516274,203256_at,,15,203256_at,CDH3,1001,cadherin 3,human
3.338939257,4.712255647,9.57576483,0.00000009433247376,0.00007065243839,8.184349472,214702_at,,16,214702_at,FN1,2335,fibronectin 1,human
2.159263529,7.966794253,9.389742808,0.0000001214785429,0.00008407391558,7.948548053,37408_at,,17,37408_at,MRC2,9902,mannose receptor C type 2,human
4.292096492,8.765545421,9.356514639,0.0000001271413842,0.00008689318977,7.905978905,202833_s_at,,18,202833_s_at,SERPINA1,5265,serpin family A member 1,human
1.667635462,9.190447642,9.288574439,0.0000001396063298,0.00009196356727,7.818511639,203786_s_at,,19,203786_s_at,TPD52L1,7164,TPD52 like 1,human
3.132907637,6.605979372,9.249165316,0.0000001474228602,0.00009595648668,7.767511033,212992_at,,20,212992_at,AHNAK2,113146,AHNAK nucleoprotein 2,human
1.901543943,6.073910838,9.169846815,0.0000001645911124,0.0001031043794,7.664269464,205016_at,,21,205016_at,TGFA,7039,transforming growth factor alpha,human
1.186975709,9.684948854,9.155852069,0.0000001678333748,0.0001031043794,7.645971197,222294_s_at,,22,222294_s_at,RAB27A,5873,"RAB27A, member RAS oncogene family",human
3.298248045,10.7417057,9.107051289,0.0000001796774643,0.0001067811453,7.581968946,216442_x_at,,23,216442_x_at,FN1,2335,fibronectin 1,human
2.181249482,6.449302252,8.939139799,0.0000002276492918,0.0001244672503,7.359422399,207691_x_at,,24,207691_x_at,ENTPD1,953,ectonucleoside triphosphate diphosphohydrolase 1,human
1.847642042,8.44780559,8.905037133,0.0000002389496291,0.0001285838363,7.3137785,209473_at,,25,209473_at,ENTPD1,953,ectonucleoside triphosphate diphosphohydrolase 1,human
4.064464509,5.56557461,8.895444637,0.0000002422338389,0.0001285838363,7.300912396,209792_s_at,,26,209792_s_at,KLK10,5655,kallikrein related peptidase 10,human
5.295014649,8.495259585,8.700332555,0.0000003204828879,0.0001550655035,7.036597475,221266_s_at,,27,221266_s_at,DCSTAMP,81501,dendrocyte expressed seven transmembrane protein,human
2.140696564,10.70205062,8.656488432,0.0000003414946515,0.0001592959928,6.976510562,218309_at,,28,218309_at,CAMK2N1,55450,calcium/calmodulin dependent protein kinase II inhibitor 1,human
3.231112876,10.7633103,8.648222519,0.0000003456162811,0.0001592959928,6.965153729,210495_x_at,,29,210495_x_at,FN1,2335,fibronectin 1,human
2.854913084,6.639681545,8.557013904,0.0000003947436709,0.0001740533081,6.839232261,208161_s_at,,30,208161_s_at,ABCC3,8714,ATP binding cassette subfamily C member 3,human
1.680131258,7.161080745,8.495542673,0.0000004319717508,0.0001859689407,6.753735153,213422_s_at,,31,213422_s_at,MXRA8,54587,matrix remodeling associated 8,human
3.345118486,10.70378445,8.466257498,0.0000004509930493,0.0001911476354,6.712824346,212464_s_at,,32,212464_s_at,FN1,2335,fibronectin 1,human
1.628041274,5.817455827,8.235859945,0.0000006352593135,0.0002463319359,6.386881935,202733_at,,33,202733_at,P4HA2,8974,prolyl 4-hydroxylase subunit alpha 2,human
2.065483305,6.775473167,8.18559216,0.0000006851421631,0.0002601399151,6.314797165,209270_at,,34,209270_at,LAMB3,3914,laminin subunit beta 3,human
1.910919351,10.67884343,8.147071769,0.000000726153728,0.0002719346238,6.259320781,203510_at,,35,203510_at,MET,4233,"MET proto-oncogene, receptor tyrosine kinase",human
1.856451222,8.707292777,8.067141189,0.0000008197285715,0.0002942665512,6.143545513,218313_s_at,,36,218313_s_at,GALNT7,51809,polypeptide N-acetylgalactosaminyltransferase 7,human
1.982023353,8.715940645,8.018094849,0.0000008833658294,0.0003096027354,6.072061046,215380_s_at,,37,215380_s_at,GGCT,79017,gamma-glutamylcyclotransferase,human
3.881410224,6.300720228,7.977080938,0.0000009405732677,0.0003154959718,6.012023676,208025_s_at,,38,208025_s_at,HMGA2,8091,high mobility group AT-hook 2,human
1.523132453,6.194997343,7.724227343,0.000001391306022,0.0004003666144,5.636611715,210372_s_at,,39,210372_s_at,TPD52L1,7164,TPD52 like 1,human
2.836211561,5.333582718,7.699483333,0.000001446272668,0.0004081821805,5.599382625,211478_s_at,,40,211478_s_at,DPP4,1803,dipeptidyl peptidase 4,human
2.959172348,11.02568988,7.627336608,0.000001619975675,0.0004384441341,5.49032846,211719_x_at,,41,211719_x_at,FN1,2335,fibronectin 1,human
2.209100238,6.227087709,7.58859021,0.000001722195054,0.0004505311702,5.431449974,219932_at,,42,219932_at,SLC27A6,28965,solute carrier family 27 member 6,human
1.97075323,5.821879844,7.552379753,0.000001823865655,0.0004647148773,5.37622803,204401_at,,43,204401_at,KCNN4,3783,potassium calcium-activated channel subfamily N member 4,human
2.336102527,8.475318316,7.549610501,0.000001831896535,0.0004647148773,5.371996996,209360_s_at,,44,209360_s_at,LOC101928269,101928269,uncharacterized LOC101928269,human
4.155012124,,,,,,,,45,209360_s_at,LOC100506403,100506403,uncharacterized LOC100506403,human
2.893265626,,,,,,,,46,209360_s_at,RUNX1,861,RUNX family transcription factor 1,human
2.347381664,8.845692861,7.425772725,0.000002231877247,0.0005375677907,5.181646227,37004_at,,47,37004_at,SFTPB,6439,surfactant protein B,human
3.560520376,7.818386339,7.281979429,0.000002814182665,0.0006384457975,4.957800182,206765_at,,48,206765_at,KCNJ2,3759,potassium inwardly rectifying channel subfamily J member 2,human
1.904533936,7.099546915,7.217182493,0.000003126862711,0.0006893597529,4.855932648,201487_at,,49,201487_at,CTSC,1075,cathepsin C,human
2.074435874,9.6290057,7.183683427,0.000003302623184,0.0007140680297,4.803024854,209810_at,,50,209810_at,SFTPB,6439,surfactant protein B,human
1.548038859,6.07620355,7.136503541,0.000003567948638,0.0007571840202,4.72822744,218613_at,,51,218613_at,PSD3,23362,pleckstrin and Sec7 domain containing 3,human
1.7583337,7.279358977,7.124399512,0.000003639561696,0.0007640009091,4.708984813,219743_at,,52,219743_at,HEY2,23493,hes related family bHLH transcription factor with YRPW motif 2,human
1.645373874,7.446442007,7.064948585,0.000004013863321,0.0008188730488,4.61415501,202826_at,,53,202826_at,SPINT1,6692,"serine peptidase inhibitor, Kunitz type 1",human
2.191967425,9.369849583,6.966738214,0.000004723282067,0.0009125280813,4.456345987,213693_s_at,,54,213693_s_at,MUC1,4582,"mucin 1, cell surface associated",human
3.294505828,6.147035464,6.863609069,0.000005611421852,0.001029545268,4.289081215,211343_s_at,,55,211343_s_at,COL13A1,1305,collagen type XIII alpha 1 chain,human
1.252030527,6.476271075,6.78947312,0.000006356989516,0.001114001288,4.167855848,201650_at,,56,201650_at,KRT19,3880,keratin 19,human
3.320883611,6.852885943,6.778411253,0.000006476842301,0.001124194771,4.149697051,205728_at,,57,205728_at,TENM1,10178,teneurin transmembrane protein 1,human
2.167502141,8.885718853,6.764674939,0.000006628975754,0.001145891897,4.127122404,208712_at,,58,208712_at,CCND1,595,cyclin D1,human
1.417587474,8.552748497,6.714449006,0.000007217880931,0.001221788359,4.044338512,212850_s_at,,59,212850_s_at,LRP4,4038,LDL receptor related protein 4,human
1.388659003,8.336860993,6.703358631,0.000007355152982,0.001233567452,4.026007959,209990_s_at,,60,209990_s_at,GABBR2,9568,gamma-aminobutyric acid type B receptor subunit 2,human
3.241484849,4.529662217,6.688224027,0.000007546909338,0.001261857089,4.000963155,214701_s_at,,61,214701_s_at,FN1,2335,fibronectin 1,human
2.673655162,9.433194185,6.63169815,0.000008310663132,0.001344335819,3.907119615,202609_at,,62,202609_at,EPS8,2059,epidermal growth factor receptor pathway substrate 8,human
1.062560651,7.6979688,6.551468533,0.000009536411861,0.001471201613,3.773099136,213936_x_at,,63,213936_x_at,SFTPB,6439,surfactant protein B,human
1.440229474,5.614787946,6.468970606,0.00001099572351,0.001603176488,3.634281232,206884_s_at,,64,206884_s_at,SCEL,8796,sciellin,human
1.184853133,6.325012702,6.392833874,0.00001255033201,0.001772824766,3.50526086,209228_x_at,,65,209228_x_at,TUSC3,7991,tumor suppressor candidate 3,human
1.494513265,6.403427926,6.388235344,0.00001265129779,0.001772824766,3.497440415,204014_at,,66,204014_at,DUSP4,1846,dual specificity phosphatase 4,human
2.195041791,9.440902665,6.273189705,0.00001547412438,0.002054713553,3.300758957,203349_s_at,,67,203349_s_at,ETV5,2119,ETS variant transcription factor 5,human
1.857505472,5.896941962,6.204292181,0.00001747308326,0.002250750345,3.182025581,201430_s_at,,68,201430_s_at,DPYSL3,1809,dihydropyrimidinase like 3,human
2.438073892,7.458027976,6.176551299,0.00001835247022,0.002333537928,3.134019156,213241_at,,69,213241_at,PLXNC1,10154,plexin C1,human
2.082627259,6.599220888,6.11260737,0.00002056009521,0.002537524167,3.022926846,221073_s_at,,70,221073_s_at,NOD1,10392,nucleotide binding oligomerization domain containing 1,human
2.329082833,8.279665901,6.054531361,0.00002280557057,0.002746463813,2.921504303,213135_at,,71,213135_at,TIAM1,7074,TIAM Rac1 associated GEF 1,human
1.5167069,6.44302301,6.052807687,0.00002287599952,0.002748890712,2.918486506,218960_at,,72,218960_at,TMPRSS4,56649,transmembrane serine protease 4,human
2.681314335,5.858819039,6.015509166,0.00002445688334,0.002900607585,2.853077259,213423_x_at,,73,213423_x_at,TUSC3,7991,tumor suppressor candidate 3,human
3.441132549,8.412561571,6.005306879,0.00002490885331,0.002947817218,2.835150159,209515_s_at,,74,209515_s_at,RAB27A,5873,"RAB27A, member RAS oncogene family",human
2.205318153,5.031872021,5.935720371,0.00002823330775,0.003143902446,2.712467779,220979_s_at,,75,220979_s_at,ST6GALNAC5,81849,"ST6 N-acetylgalactosaminide alpha-2,6-sialyltransferase 5",human
1.736057802,6.533992439,5.831602824,0.00003409632159,0.003598873326,2.527586665,203180_at,,76,203180_at,ALDH1A3,220,aldehyde dehydrogenase 1 family member A3,human
2.666561946,7.938341824,5.785064457,0.00003711451292,0.003851149967,2.444440758,214354_x_at,,77,214354_x_at,SFTPB,6439,surfactant protein B,human
1.611305269,7.136496987,5.785023255,0.00003711730492,0.003851149967,2.444367007,221840_at,,78,221840_at,PTPRE,5791,protein tyrosine phosphatase receptor type E,human
2.877444065,6.943581721,5.721598689,0.0000416854944,0.004151465221,2.330550537,204105_s_at,,79,204105_s_at,NRCAM,4897,neuronal cell adhesion molecule,human
1.198149015,6.80776307,5.67038017,0.00004579999692,0.004419503457,2.238219013,214803_at,,80,214803_at,CDH6,1004,cadherin 6,human
2.482324478,6.292020419,5.637666972,0.00004864703826,0.004546627037,2.179052403,212531_at,,81,212531_at,LCN2,3934,lipocalin 2,human
1.661415775,5.215233288,5.615078083,0.00005071987625,0.004692232207,2.138109024,205490_x_at,,82,205490_x_at,GJB3,2707,gap junction protein beta 3,human
3.332712349,9.400745025,5.610232788,0.00005117633439,0.004718492551,2.129317369,214175_x_at,,83,214175_x_at,PDLIM4,8572,PDZ and LIM domain 4,human
2.003405637,4.000820122,5.510902493,0.00006153712691,0.005272205167,1.948363156,209227_at,,84,209227_at,TUSC3,7991,tumor suppressor candidate 3,human
2.148967733,8.639350114,5.501402182,0.0000626361719,0.005302395997,1.93098437,209396_s_at,,85,209396_s_at,CHI3L1,1116,chitinase 3 like 1,human
2.023555199,5.468583069,5.473422308,0.00006599298825,0.00548726868,1.879729103,205954_at,,86,205954_at,RXRG,6258,retinoid X receptor gamma,human
1.093351662,8.146982242,5.447803063,0.00006923043521,0.005641093957,1.832704202,201926_s_at,,87,201926_s_at,CD55,1604,CD55 molecule (Cromer blood group),human
1.357466743,7.748565669,5.307089184,0.00009019979297,0.006907105996,1.572839814,202357_s_at,,88,202357_s_at,CFB,629,complement factor B,human
2.285060504,11.08080567,5.290712496,0.00009303615499,0.007074759074,1.542424844,208892_s_at,,89,208892_s_at,DUSP6,1848,dual specificity phosphatase 6,human
1.418721003,4.737056811,5.265535055,0.00009757829734,0.007308347133,1.495596453,205713_s_at,,90,205713_s_at,COMP,1311,cartilage oligomeric matrix protein,human
1.059198168,7.292708546,5.202005656,0.0001100894473,0.007838850518,1.377070143,207847_s_at,,91,207847_s_at,MUC1,4582,"mucin 1, cell surface associated",human
2.286432641,7.080130343,5.196825645,0.0001111802108,0.0078740648,1.36738294,202458_at,,92,202458_at,PRSS23,11098,serine protease 23,human
1.684577205,7.548103813,5.184258018,0.0001138733388,0.008009131203,1.343865835,210605_s_at,,93,210605_s_at,MFGE8,4240,milk fat globule EGF and factor V/VIII domain containing,human
1.604296766,7.674267922,5.181595842,0.0001144524334,0.008022675376,1.338881671,209457_at,,94,209457_at,DUSP5,1847,dual specificity phosphatase 5,human
2.186094606,9.631071126,5.171567478,0.0001166613771,0.008135791824,1.320098339,203780_at,,95,203780_at,MPZL2,10205,myelin protein zero like 2,human
2.587176349,5.725265592,5.168051492,0.0001174462477,0.008180093747,1.313509806,219630_at,,96,219630_at,PDZK1IP1,10158,PDZK1 interacting protein 1,human
1.353488747,5.905713753,5.155890133,0.0001202034089,0.008303132653,1.290708831,221577_x_at,,97,221577_x_at,GDF15,9518,growth differentiation factor 15,human
3.969652556,7.376139149,5.147907937,0.0001220494189,0.008372712644,1.275733107,202436_s_at,,98,202436_s_at,CYP1B1,1545,cytochrome P450 family 1 subfamily B member 1,human
2.151944897,5.156564754,5.135132426,0.0001250652239,0.008490669715,1.251747782,203716_s_at,,99,203716_s_at,DPP4,1803,dipeptidyl peptidase 4,human
3.523935771,9.20082858,5.117220915,0.0001294237949,0.008632615299,1.2180855,209395_at,,100,209395_at,CHI3L1,1116,chitinase 3 like 1,human
1.730962546,7.445397368,4.947105291,0.0001795447378,0.01105473935,0.89642163,211564_s_at,,101,211564_s_at,PDLIM4,8572,PDZ and LIM domain 4,human
1.846881727,9.404130657,4.935505186,0.0001836208605,0.01121728553,0.8743620092,202286_s_at,,102,202286_s_at,TACSTD2,4070,tumor associated calcium signal transducer 2,human
1.15143059,7.83733628,4.906854787,0.0001941025161,0.01159842084,0.8198116313,218856_at,,103,218856_at,TNFRSF21,27242,TNF receptor superfamily member 21,human
1.425912447,5.854841168,4.887248863,0.0002016293647,0.011841123,0.7824277536,204870_s_at,,104,204870_s_at,PCSK2,5126,proprotein convertase subtilisin/kexin type 2,human
1.694066821,9.097796024,4.8691011,0.0002088647076,0.0121228003,0.7477854179,218847_at,,105,218847_at,IGF2BP2,10644,insulin like growth factor 2 mRNA binding protein 2,human
2.241071928,4.803537385,4.765347846,0.0002556937217,0.01416418869,0.5490304593,205485_at,,106,205485_at,RYR1,6261,ryanodine receptor 1,human
1.182415285,10.31632722,4.744131875,0.0002665328338,0.01463120752,0.5082450604,202071_at,,107,202071_at,SDC4,6385,syndecan 4,human
1.112594659,9.738845838,4.736149373,0.000270732517,0.01475802629,0.492887309,201666_at,,108,201666_at,TIMP1,7076,TIMP metallopeptidase inhibitor 1,human
2.162600361,7.658802924,4.732491842,0.0002726794762,0.01484935295,0.4858482643,201474_s_at,,109,201474_s_at,ITGA3,3675,integrin subunit alpha 3,human
2.129468302,3.833506415,4.671849173,0.0003071455786,0.01627246561,0.3689386572,204493_at,,110,204493_at,BID,637,BH3 interacting domain death agonist,human
1.532843845,6.084378848,4.597885916,0.0003553244487,0.0179746949,0.2258520442,202435_s_at,,111,202435_s_at,CYP1B1,1545,cytochrome P450 family 1 subfamily B member 1,human
2.302587043,9.118097409,4.52680081,0.0004089581245,0.01978742076,0.08784361105,202295_s_at,,112,202295_s_at,CTSH,1512,cathepsin H,human
2.279587485,8.414384245,4.483714587,0.000445444547,0.02097733041,0.00397156866,209288_s_at,,113,209288_s_at,CDC42EP3,10602,CDC42 effector protein 3,human
1.266471225,8.35893833,4.410591808,0.0005151855732,0.02337574375,-0.1387325601,203021_at,,114,203021_at,SLPI,6590,secretory leukocyte peptidase inhibitor,human
1.817749886,6.474221043,4.366059961,0.0005630443744,0.02480616533,-0.2258513531,209173_at,,115,209173_at,AGR2,10551,"anterior gradient 2, protein disulphide isomerase family member",human
1.367373023,5.185810561,4.339573333,0.0005936442252,0.02565450149,-0.277739925,215506_s_at,,116,215506_s_at,DIRAS3,9077,DIRAS family GTPase 3,human
1.268563799,5.576995663,4.333165751,0.0006012990742,0.02582562992,-0.2903005168,202311_s_at,,117,202311_s_at,COL1A1,1277,collagen type I alpha 1 chain,human
1.249553152,4.06228598,4.291284383,0.0006538814136,0.02718704661,-0.3724721395,203779_s_at,,118,203779_s_at,MPZL2,10205,myelin protein zero like 2,human
1.490554313,9.3784813,4.237562513,0.000728278084,0.02925687307,-0.478051526,217858_s_at,,119,217858_s_at,ARMCX3,51566,armadillo repeat containing X-linked 3,human
2.023722865,7.153358074,4.22865347,0.000741426817,0.02968694015,-0.4955786686,209514_s_at,,120,209514_s_at,RAB27A,5873,"RAB27A, member RAS oncogene family",human
1.434059122,7.533259539,4.200576911,0.0007844711535,0.03066651997,-0.5508472408,208893_s_at,,121,208893_s_at,DUSP6,1848,dual specificity phosphatase 6,human
3.23657312,8.544185141,4.157480102,0.0008555599661,0.03245814617,-0.6357744258,202310_s_at,,122,202310_s_at,COL1A1,1277,collagen type I alpha 1 chain,human
2.378050279,4.691532455,4.128374294,0.000907253998,0.03369844588,-0.69318959,218691_s_at,,123,218691_s_at,PDLIM4,8572,PDZ and LIM domain 4,human
1.085056244,7.927319016,4.126556994,0.000910585283,0.03370768473,-0.6967759598,204446_s_at,,124,204446_s_at,ALOX5,240,arachidonate 5-lipoxygenase,human
1.486274659,8.089487273,4.113456412,0.0009349713746,0.03447037081,-0.7226344948,206595_at,,125,206595_at,CST6,1474,cystatin E/M,human
1.138588212,8.306561905,4.088077188,0.0009841223505,0.03565731578,-0.7727536912,208540_x_at,,,,S100A11,,,
2.796537265,6.594114462,4.041422719,0.001081444615,0.03797558402,-0.8649664191,221900_at,,126,221900_at,COL8A2,1296,collagen type VIII alpha 2 chain,human
1.017391161,9.558285692,4.03731356,0.00109047216,0.03814747643,-0.8730927783,200660_at,,127,200660_at,S100A11,6282,S100 calcium binding protein A11,human
1.622138938,7.974247676,3.99557115,0.001186634142,0.04042319111,-0.9556820506,202437_s_at,,128,202437_s_at,CYP1B1,1545,cytochrome P450 family 1 subfamily B member 1,human
1.467655754,6.605323823,3.959178833,0.001277480492,0.04271941646,-1.02773852,204328_at,,129,204328_at,TMC6,11322,transmembrane channel like 6,human
1.450038401,5.311697207,3.919632254,0.001384228126,0.04510290391,-1.106088578,211725_s_at,,130,211725_s_at,BID,637,BH3 interacting domain death agonist,human
,7.706096192,3.914362181,0.001399120969,0.04536998953,-1.116533075,202589_at,,131,202589_at,TYMS,7298,thymidylate synthetase,human
,7.578929921,3.868876822,0.001534600975,0.04812024246,-1.206706709,203921_at,,132,203921_at,CHST2,9435,carbohydrate sulfotransferase 2,human

Table of downregulated genes,,,,,,,,Table of gene symbols and names for downregulated genes,,,,,
This table was created by taking the consistently expressed genes in all 4 datasets and filtering for log2FC<-1 and p vlaue<0.05 in the limma output for Dataset 1.,,,,,,,,This table was created by taking the geneID column from the table on the left and looking for the genes in BIOGPS. ,,,,,
logFC: estimate of the log2-fold-change corresponding to the contrast,AveExpr: average log2-expression for the probe over all arrays and channels,t: moderated t-statistic,P.Value: raw p-value,adj.P.Val: ajusted p-value,B: log-odds that the gene is differentially expressed,"Gene ID: affy probe ID, these were used to look for the gene symbols in BIOGPS ",,,the affy probe ID taken from geneID column from table on the left,Gene symbol,Gene ID,,
logFC,AveExpr,t,P.Value,adj.P.Val,B,geneID,,NO.,QUERY,SYMBOL,ID,NAME,SPECIES
-3.896396003,8.446024186,-21.72032902,0,0.00000004354268708,17.42189305,214735_at,,1,214735_at,IPCEF1,26034,interaction protein for cytohesin exchange factors 1,human
-2.536899186,7.676915047,-15.3100255,0.0000000001628762699,0.000002968420019,13.75167899,203710_at,,2,203710_at,ITPR1,3708,"inositol 1,4,5-trisphosphate receptor type 1",human
-3.730661562,5.991407617,-13.88421921,0.0000000006378653411,0.000003717779166,12.62736567,220723_s_at,,3,220723_s_at,CWH43,80157,cell wall biogenesis 43 C-terminal homolog,human
-3.747716684,6.007116339,-13.7790117,0.0000000007088463349,0.000003717779166,12.53862034,203908_at,,4,203908_at,SLC4A4,8671,solute carrier family 4 member 4,human
-2.87175477,9.086249708,-13.45611239,0.0000000009842375857,0.000004444970265,12.26093743,202350_s_at,,5,202350_s_at,MATN2,4147,matrilin 2,human
-2.776744043,5.265888825,-13.12460415,0.000000001388459325,0.00000536310482,11.9672824,207789_s_at,,6,207789_s_at,DPP6,1804,dipeptidyl peptidase like 6,human
-2.057848322,5.071623122,-12.83981031,0.000000001877141819,0.00000641454556,11.70782965,214307_at,,7,214307_at,HGD,3081,"homogentisate 1,2-dioxygenase",human
-2.98539995,4.966305772,-12.30873169,0.000000003345021321,0.00000866736488,11.20551163,209470_s_at,,8,209470_s_at,GPM6A,2823,glycoprotein M6A,human
-2.254120597,6.187726116,-12.00459951,0.000000004700859521,0.00001028077977,10.9065434,205498_at,,9,205498_at,GHR,2690,growth hormone receptor,human
-4.523502084,7.942049648,-11.94902068,0.000000005006301229,0.00001052767383,10.85098831,205413_at,,10,205413_at,MPPED2,744,metallophosphoesterase domain containing 2,human
-2.358823054,6.795760396,-11.43194487,0.000000009098982838,0.00001658289622,10.3200511,216944_s_at,,11,216944_s_at,ITPR1,3708,"inositol 1,4,5-trisphosphate receptor type 1",human
-2.41732089,5.131207749,-11.30485043,0.00000001057370662,0.00001806616904,10.18555226,214745_at,,12,214745_at,PLCH1,23007,phospholipase C eta 1,human
-1.624119236,7.793146673,-11.24970491,0.00000001129057284,0.00001870642637,10.12669035,213103_at,,13,213103_at,STARD13,90627,StAR related lipid transfer domain containing 13,human
-2.5710816,6.603823377,-11.01031704,0.00000001505561931,0.00002192479193,9.867579509,209469_at,,14,209469_at,GPM6A,2823,glycoprotein M6A,human
-2.276556964,6.976489269,-10.82904464,0.0000000187839425,0.00002496701868,9.667419827,205876_at,,15,205876_at,LIFR,3977,LIF receptor subunit alpha,human
-2.294343986,7.174732287,-10.79299669,0.00000001963569828,0.00002496701868,9.62720291,205221_at,,16,205221_at,HGD,3081,"homogentisate 1,2-dioxygenase",human
-3.718365669,7.92184471,-10.10783761,0.00000004666830982,0.00004324728541,8.835861628,204623_at,,17,204623_at,TFF3,7033,trefoil factor 3,human
-2.610367637,6.798862915,-9.771362528,0.00000007258671245,0.00005923400751,8.427753399,207981_s_at,,18,207981_s_at,ESRRG,2104,estrogen related receptor gamma,human
-2.342097963,8.016397739,-9.673605735,0.00000008270291163,0.00006553306802,8.306679156,201843_s_at,,19,201843_s_at,EFEMP1,2202,EGF containing fibulin extracellular matrix protein 1,human
-3.027636777,6.866762326,-9.579890306,0.00000009380871276,0.00007065243839,8.189530937,220203_at,,20,220203_at,BMP8A,353500,bone morphogenetic protein 8a,human
-4.469427006,8.375240009,-9.497346054,0.0000001048990023,0.00007546517041,8.08546354,210342_s_at,,21,210342_s_at,TPO,7173,thyroid peroxidase,human
-3.769182491,6.03682654,-9.156815199,0.0000001676080922,0.0001031043794,7.647231296,209613_s_at,,22,209613_s_at,ADH1B,125,"alcohol dehydrogenase 1B (class I), beta polypeptide",human
-3.077222512,4.607851474,-9.098451368,0.0000001818546232,0.0001069129196,7.570658697,219643_at,,23,219643_at,LRP1B,53353,LDL receptor related protein 1B,human
-4.259778898,6.063649356,-8.96968126,0.000000218007528,0.0001203996121,7.40017181,206457_s_at,,24,206457_s_at,DIO1,1733,iodothyronine deiodinase 1,human
-3.073690467,7.20686504,-8.85135316,0.000000257954263,0.0001343204698,7.241619565,211276_at,,25,211276_at,TCEAL2,140597,transcription elongation factor A like 2,human
-2.366805284,4.546929369,-8.798639525,0.0000002781738712,0.0001408255223,7.170397991,220724_at,,26,220724_at,CWH43,80157,cell wall biogenesis 43 C-terminal homolog,human
-1.850204103,9.43534293,-8.739617754,0.0000003028134865,0.0001518929117,7.09021975,201842_s_at,,27,201842_s_at,EFEMP1,2202,EGF containing fibulin extracellular matrix protein 1,human
-1.799777611,6.439440031,-8.711639572,0.0000003152884579,0.0001550655035,7.052051935,219077_s_at,,28,219077_s_at,WWOX,51741,WW domain containing oxidoreductase,human
-2.858965948,6.054386997,-8.710899008,0.0000003156259386,0.0001550655035,7.051040249,206806_at,,29,206806_at,DGKI,9162,diacylglycerol kinase iota,human
-2.055713067,4.654719136,-8.502558944,0.0000004275413929,0.0001855224259,6.763519505,205083_at,,30,205083_at,AOX1,316,aldehyde oxidase 1,human
-1.637889379,5.463117905,-8.432859221,0.0000004737689134,0.0001977352316,6.666025626,221016_s_at,,31,221016_s_at,TCF7L1,83439,transcription factor 7 like 1,human
-2.836632244,6.625946505,-8.302379607,0.000000575057926,0.0002261963461,6.481734884,219877_at,,32,219877_at,ZMAT4,79698,zinc finger matrin-type 4,human
-1.675949349,8.430948387,-7.948372045,0.0000009829298084,0.0003218065106,5.969857382,209242_at,,33,209242_at,PEG3,5178,paternally expressed 3,human
-1.548428916,6.702833874,-7.873278958,0.000001103497402,0.0003507774446,5.859011588,213839_at,,34,213839_at,CLMN,79789,calmin,human
-1.807109339,5.804180801,-7.839899201,0.000001161999881,0.0003609792243,5.80948179,213679_at,,35,213679_at,TTC30A,92104,tetratricopeptide repeat domain 30A,human
-4.214785391,7.399121676,-7.831246194,0.00000117769212,0.0003637870998,5.796616277,205350_at,,36,205350_at,CRABP1,1381,cellular retinoic acid binding protein 1,human
-2.061022933,7.514437397,-7.795297462,0.000001245312588,0.000376173844,5.743052189,205382_s_at,,37,205382_s_at,CFD,1675,complement factor D,human
-2.387214912,5.562583518,-7.608377248,0.000001669172081,0.0004451804075,5.461545283,203766_s_at,,38,203766_s_at,LMOD1,25802,leiomodin 1,human
-2.553783805,7.125185354,-7.562651445,0.000001794399354,0.000463012434,5.391912011,203060_s_at,,39,203060_s_at,PAPSS2,9060,3'-phosphoadenosine 5'-phosphosulfate synthase 2,human
-1.13396897,6.908092774,-7.515893705,0.000001932712972,0.0004803230989,5.320392807,203221_at,,40,203221_at,TLE1,7088,"TLE family member 1, transcriptional corepressor",human
-1.861691343,7.215448044,-7.412080739,0.000002281426731,0.0005447030852,5.160462564,204151_x_at,,41,204151_x_at,AKR1C1,1645,aldo-keto reductase family 1 member C1,human
-2.418691277,6.956255142,-7.382856416,0.000002391092342,0.0005635041974,5.115155899,219093_at,,42,219093_at,PID1,55022,phosphotyrosine interaction domain containing 1,human
-1.891161328,4.377183646,-7.348225145,0.000002528258733,0.0005882236009,5.061304315,209612_s_at,,43,209612_s_at,ADH1B,125,"alcohol dehydrogenase 1B (class I), beta polypeptide",human
-2.722361631,6.426498013,-7.31156496,0.000002682504695,0.0006136650385,5.0041054,204755_x_at,,44,204755_x_at,HLF,3131,"HLF transcription factor, PAR bZIP family member",human
-1.901490855,5.410454836,-7.185251596,0.000003294168261,0.0007140680297,4.805505303,213068_at,,45,213068_at,DPT,1805,dermatopontin,human
-2.498558292,6.747785856,-7.183384404,0.000003304237979,0.0007140680297,4.802551833,205051_s_at,,46,205051_s_at,KIT,3815,"KIT proto-oncogene, receptor tyrosine kinase",human
-2.081368782,4.296645962,-7.164750199,0.000003406520264,0.0007332736041,4.773048452,214930_at,,47,214930_at,SLITRK5,26050,SLIT and NTRK like family member 5,human
-1.187295892,9.266461593,-7.133285361,0.000003586843369,0.0007571840202,4.723113399,202908_at,,48,202908_at,WFS1,7466,wolframin ER transmembrane glycoprotein,human
-1.002974345,4.469559868,-7.122643142,0.000003650077863,0.0007640009091,4.706190779,206043_s_at,,49,206043_s_at,ATP2C2,9914,ATPase secretory pathway Ca2+ transporting 2,human
-2.68735602,4.85149836,-7.081642904,0.000003904844115,0.0008045561787,4.640837154,208399_s_at,,50,208399_s_at,EDN3,1908,endothelin 3,human
-3.086979231,9.17658352,-7.069854784,0.000003981496801,0.0008153121259,4.622000783,206529_x_at,,51,206529_x_at,SLC26A4,5172,solute carrier family 26 member 4,human
-1.30798197,9.47147678,-7.039162676,0.000004188572549,0.0008419492799,4.572860355,217853_at,,52,217853_at,TNS3,64759,tensin 3,human
-2.786735651,5.256502441,-7.02432439,0.000004292707197,0.0008558816436,4.54905274,220204_s_at,,53,220204_s_at,BMP8A,353500,bone morphogenetic protein 8a,human
-2.281264418,7.164235112,-7.022619345,0.000004304845944,0.0008558816436,4.546314938,203911_at,,54,203911_at,RAP1GAP,5909,RAP1 GTPase activating protein,human
-1.934715129,9.499624798,-7.012493665,0.000004377679545,0.0008672088011,4.530047129,210524_x_at,,,210524_x_at,MT1F,,,
-2.052203061,6.668131636,-6.997655852,0.000004486750739,0.0008767304847,4.506181208,209699_x_at,,55,209699_x_at,AKR1C2,1646,aldo-keto reductase family 1 member C2,human
-2.352498843,5.698959261,-6.996189226,0.00000449768547,0.0008767304847,4.503820425,206517_at,,56,206517_at,CDH16,1014,cadherin 16,human
-1.732389659,4.582774303,-6.940338505,0.000004935597164,0.0009353849693,4.413679981,214308_s_at,,57,214308_s_at,HGD,3081,"homogentisate 1,2-dioxygenase",human
-1.848873813,4.927120098,-6.939289352,0.000004944238795,0.0009353849693,4.411982235,217127_at,,58,217127_at,CTH,1491,cystathionine gamma-lyase,human
-1.468800004,5.42557527,-6.908251315,0.000005207202835,0.0009670026273,4.361681745,213308_at,,59,213308_at,SHANK2,22941,SH3 and multiple ankyrin repeat domains 2,human
-1.972266981,4.933604265,-6.81571643,0.000006081851436,0.001093832984,4.210862551,204513_s_at,,60,204513_s_at,ELMO1,9844,engulfment and cell motility 1,human
-1.736304289,4.705113608,-6.793030152,0.000006318945472,0.001110894996,4.173691054,205501_at,,61,205501_at,PDE10A,10846,phosphodiesterase 10A,human
-2.144768141,9.905819013,-6.706059516,0.00000732147262,0.001231696971,4.030473777,213629_x_at,,62,213629_x_at,MT1F,4494,metallothionein 1F,human
-1.863369538,5.988005387,-6.684542712,0.000007594338752,0.001265916071,3.994866096,210471_s_at,,63,210471_s_at,KCNAB1,7881,potassium voltage-gated channel subfamily A member regulatory beta subunit 1,human
-1.817622048,5.41561336,-6.578535768,0.000009102996884,0.001446820798,3.818422009,210473_s_at,,64,210473_s_at,ADGRA3,166647,adhesion G protein-coupled receptor A3,human
-1.739435429,5.970834886,-6.431394599,0.00001173612678,0.001684180399,3.570714053,204288_s_at,,65,204288_s_at,SORBS2,8470,sorbin and SH3 domain containing 2,human
-1.868225728,6.525247419,-6.387664674,0.00001266388657,0.001772824766,3.49646969,204042_at,,66,204042_at,WASF3,10810,WASP family member 3,human
-1.852592185,9.169849819,-6.298047506,0.0000148128686,0.001999737261,3.343423359,219049_at,,67,219049_at,CSGALNACT1,55790,chondroitin sulfate N-acetylgalactosaminyltransferase 1,human
-1.808624527,7.787246778,-6.272207577,0.00001550087534,0.002054713553,3.299071398,212224_at,,68,212224_at,ALDH1A1,216,aldehyde dehydrogenase 1 family member A1,human
-1.833606797,6.431735398,-6.221066813,0.00001696277555,0.002197724534,3.210999015,213258_at,,69,213258_at,TFPI,7035,tissue factor pathway inhibitor,human
-1.772334468,10.04379707,-6.16131401,0.00001885503569,0.002386340454,3.107601892,203240_at,,70,203240_at,FCGBP,8857,Fc fragment of IgG binding protein,human
-1.806834352,7.200698289,-6.138165746,0.00001964618885,0.002458021454,3.067403198,203387_s_at,,71,203387_s_at,TBC1D4,9882,TBC1 domain family member 4,human
-2.816580362,7.343143475,-6.063584147,0.00002243937098,0.00271431993,2.937346657,210299_s_at,,72,210299_s_at,FHL1,2273,four and a half LIM domains 1,human
-3.015731905,7.778860207,-6.043535173,0.0000232587847,0.002782656572,2.902244734,203980_at,,73,203980_at,FABP4,2167,fatty acid binding protein 4,human
-1.101384253,7.676908385,-6.035311988,0.00002360384107,0.00281163401,2.887830368,208228_s_at,,74,208228_s_at,FGFR2,2263,fibroblast growth factor receptor 2,human
-2.331081886,7.001376556,-5.991831066,0.00002551923103,0.003000567648,2.811447483,207980_s_at,,75,207980_s_at,CITED2,10370,Cbp/p300 interacting transactivator with Glu/Asp rich carboxy-terminal domain 2,human
-1.586860387,7.675695608,-5.982961252,0.00002592947621,0.003016479784,2.795831768,211596_s_at,,76,211596_s_at,LRIG1,26018,leucine rich repeats and immunoglobulin like domains 1,human
-1.495482863,7.340231447,-5.981759476,0.00002598558716,0.003016479784,2.793715098,209325_s_at,,77,209325_s_at,RGS16,6004,regulator of G protein signaling 16,human
-2.9948618,7.015406468,-5.960431964,0.00002700270505,0.003075776872,2.756116047,213071_at,,78,213071_at,DPT,1805,dermatopontin,human
-1.020931698,7.968596112,-5.922462156,0.00002891750376,0.00320702742,2.689012902,203960_s_at,,79,203960_s_at,HSPB11,51668,heat shock protein family B (small) member 11,human
-2.521785038,6.424537604,-5.912212068,0.00002945829466,0.003260389192,2.670862066,205357_s_at,,80,205357_s_at,AGTR1,185,angiotensin II receptor type 1,human
-2.127475957,7.246965049,-5.911012339,0.00002952227729,0.003260869719,2.668736586,218332_at,,81,218332_at,BEX1,55859,brain expressed X-linked 1,human
-1.579162792,9.613744992,-5.870052088,0.00003179588659,0.003431161107,2.596044333,204686_at,,82,204686_at,IRS1,3667,insulin receptor substrate 1,human
-2.025990081,5.493250344,-5.867458426,0.00003194586005,0.003436875827,2.591433143,204753_s_at,,83,204753_s_at,HLF,3131,"HLF transcription factor, PAR bZIP family member",human
-1.76958078,6.127540746,-5.862943655,0.0000322086779,0.00344117789,2.583404146,212843_at,,84,212843_at,NCAM1,4684,neural cell adhesion molecule 1,human
-1.235784049,7.225780707,-5.795695569,0.00003640136562,0.00380543913,2.463461918,219277_s_at,,85,219277_s_at,OGDHL,55753,oxoglutarate dehydrogenase L,human
-1.52932211,9.526446861,-5.758209116,0.0000389815191,0.003954201404,2.396318899,214433_s_at,,86,214433_s_at,SELENBP1,8991,selenium binding protein 1,human
-1.959942303,8.475228481,-5.730088592,0.00004104153472,0.004124900571,2.345819184,214505_s_at,,87,214505_s_at,FHL1,2273,four and a half LIM domains 1,human
-2.14026465,8.569034636,-5.697309766,0.00004358651284,0.00427844271,2.286811434,218858_at,,88,218858_at,DEPTOR,64798,DEP domain containing MTOR interacting protein,human
-1.055727176,4.158762159,-5.645287899,0.00004796774539,0.004523566178,2.192849468,204836_at,,89,204836_at,GLDC,2731,glycine decarboxylase,human
-1.466150285,5.461437879,-5.626214818,0.0000496866922,0.00463587013,2.15830383,211653_x_at,,90,211653_x_at,AKR1C2,1646,aldo-keto reductase family 1 member C2,human
-1.624394025,8.852098946,-5.591772658,0.00005295488807,0.004809482567,2.095791802,49452_at,,91,49452_at,ACACB,32,acetyl-CoA carboxylase beta,human
-2.972182915,8.427911224,-5.549214723,0.00005730422104,0.005077893076,2.018320681,219195_at,,92,219195_at,PPARGC1A,10891,PPARG coactivator 1 alpha,human
-1.888991054,6.135052094,-5.533595471,0.00005899217132,0.005135982431,1.989824701,220751_s_at,,93,220751_s_at,FAXDC2,10826,fatty acid hydroxylase domain containing 2,human
-2.587169007,5.505158061,-5.499224041,0.00006289101034,0.005314630588,1.926998177,222171_s_at,,94,222171_s_at,PKNOX2,63876,PBX/knotted 1 homeobox 2,human
-1.304211292,6.396260701,-5.479479696,0.00006525075744,0.005446694905,1.890834509,210298_x_at,,95,210298_x_at,FHL1,2273,four and a half LIM domains 1,human
-2.801813928,5.950058624,-5.455362058,0.00006825842833,0.005586870613,1.846588281,204932_at,,96,204932_at,TNFRSF11B,4982,TNF receptor superfamily member 11b,human
-1.471177373,10.16734183,-5.421744513,0.00007269283987,0.005879409793,1.784781277,203386_at,,97,203386_at,TBC1D4,9882,TBC1 domain family member 4,human
-2.524337703,6.215851073,-5.415782929,0.00007350991521,0.005927956658,1.773804697,214414_x_at,,98,214414_x_at,HBA2,3040,hemoglobin subunit alpha 2,human
,,,,,,,,99,214414_x_at,HBA1,3039,hemoglobin subunit alpha 1,human
-2.146617968,6.714900281,-5.401074735,0.00007556678035,0.006066980493,1.746703156,209447_at,,100,209447_at,SYNE1,23345,spectrin repeat containing nuclear envelope protein 1,human
-1.551230755,5.969393278,-5.384135103,0.00007800986002,0.006217476817,1.715453816,203058_s_at,,101,203058_s_at,PAPSS2,9060,3'-phosphoadenosine 5'-phosphosulfate synthase 2,human
-1.492532499,4.811235068,-5.377898962,0.00007892975853,0.00627781387,1.703940001,206209_s_at,,102,206209_s_at,CA4,762,carbonic anhydrase 4,human
-1.891106237,9.829692453,-5.359749939,0.00008167148929,0.006415788329,1.670401747,217165_x_at,,103,217165_x_at,MT1F,4494,metallothionein 1F,human
-1.482796991,8.896443978,-5.345783173,0.00008384854806,0.006521222425,1.644562096,203638_s_at,,104,203638_s_at,FGFR2,2263,fibroblast growth factor receptor 2,human
-1.922425072,6.902336741,-5.344587379,0.00008403771629,0.006526650764,1.642348571,219778_at,,105,219778_at,ZFPM2,23414,"zinc finger protein, FOG family member 2",human
-1.494785405,8.655790036,-5.283279972,0.00009435376945,0.007155051796,1.528609462,204872_at,,106,204872_at,TLE4,7091,"TLE family member 4, transcriptional corepressor",human
-1.958152248,8.050697397,-5.261673534,0.00009829499526,0.007341911019,1.488406957,205710_at,,107,205710_at,LRP2,4036,LDL receptor related protein 2,human
-1.806289919,10.65253706,-5.231005782,0.0001041841332,0.007618913325,1.431240083,201540_at,,108,201540_at,FHL1,2273,four and a half LIM domains 1,human
-1.162929295,7.491636398,-5.227953117,0.0001047899991,0.007639190933,1.42554304,204917_s_at,,109,204917_s_at,MLLT3,4300,MLLT3 super elongation complex subunit,human
-1.386168147,8.804480374,-5.186352796,0.0001134198007,0.007999690642,1.347787074,203685_at,,110,203685_at,BCL2,596,BCL2 apoptosis regulator,human
-1.859657707,8.281611485,-5.140937952,0.0001236853202,0.008444961526,1.26264988,211696_x_at,,111,211696_x_at,HBB,3043,hemoglobin subunit beta,human
-1.374235694,10.96489622,-5.138772829,0.0001241980932,0.008456451741,1.258584525,218559_s_at,,112,218559_s_at,MAFB,9935,MAF bZIP transcription factor B,human
-1.132073622,9.522699889,-5.134708843,0.0001251665257,0.008490669715,1.250952178,212110_at,,113,212110_at,SLC39A14,23516,solute carrier family 39 member 14,human
-1.58185298,4.884689908,-5.098706986,0.0001340943183,0.008831779419,1.183249086,209822_s_at,,114,209822_s_at,VLDLR,7436,very low density lipoprotein receptor,human
-1.632887171,8.496926409,-5.098166115,0.0001342333552,0.008831779419,1.182230727,206070_s_at,,115,206070_s_at,EPHA3,2042,EPH receptor A3,human
-1.142394093,7.714774696,-5.0763488,0.0001399678253,0.009143059557,1.141122713,219317_at,,116,219317_at,POLI,11201,DNA polymerase iota,human
-1.440795631,7.016250123,-5.008137237,0.0001595857338,0.01012221577,1.012224468,209737_at,,117,209737_at,MAGI2,9863,"membrane associated guanylate kinase, WW and PDZ domain containing 2",human
-2.372588812,6.84920483,-4.910791607,0.000192626416,0.01157967021,0.8273129319,203474_at,,118,203474_at,IQGAP2,10788,IQ motif containing GTPase activating protein 2,human
-1.25309259,9.222290408,-4.811035948,0.0002338657476,0.01319567569,0.6366977589,213129_s_at,,119,213129_s_at,GCSH,2653,glycine cleavage system protein H,human
-1.98968291,7.756609067,-4.779066127,0.0002489276572,0.01384549304,0.5753769459,202920_at,,120,202920_at,ANK2,287,ankyrin 2,human
-1.396704321,3.583610795,-4.736632061,0.0002704766454,0.01475802629,0.4938161548,205612_at,,121,205612_at,MMRN1,22915,multimerin 1,human
-1.427500684,6.09857464,-4.723188074,0.0002776972195,0.0150327678,0.4679365641,211745_x_at,,122,211745_x_at,HBA2,3040,hemoglobin subunit alpha 2,human
,,,,,,,,123,211745_x_at,HBA1,3039,hemoglobin subunit alpha 1,human
-1.173252792,7.52808401,-4.679831647,0.000302363934,0.01606583877,0.384348995,213133_s_at,,124,213133_s_at,GCSH,2653,glycine cleavage system protein H,human
-1.592581195,7.944307038,-4.63842814,0.0003280249329,0.01708495754,0.3043497291,217232_x_at,,125,217232_x_at,HBB,3043,hemoglobin subunit beta,human
-2.124788125,6.031942857,-4.55318263,0.0003881446042,0.01913598398,0.1391169972,63305_at,,126,63305_at,PKNOX2,63876,PBX/knotted 1 homeobox 2,human
-1.402485083,7.904079077,-4.527554448,0.0004083479431,0.01977539751,0.08930918818,209687_at,,127,209687_at,CXCL12,6387,C-X-C motif chemokine ligand 12,human
-1.498996274,6.072688042,-4.50560809,0.0004265051898,0.02035521072,0.04661006255,204918_s_at,,128,204918_s_at,MLLT3,4300,MLLT3 super elongation complex subunit,human
-1.94038084,7.722916958,-4.474007252,0.0004541158953,0.02126460661,-0.01494713487,209116_x_at,,129,209116_x_at,HBB,3043,hemoglobin subunit beta,human
-1.173531284,6.466418468,-4.439979546,0.0004859022734,0.02240025869,-0.08132705107,213189_at,,130,213189_at,RIOX2,84864,ribosomal oxygenase 2,human
-1.36228219,7.629466863,-4.428330117,0.0004973008087,0.02277212874,-0.1040744363,206214_at,,131,206214_at,PLA2G7,7941,phospholipase A2 group VII,human
-1.076464725,7.332550174,-4.369214279,0.0005595093339,0.02473013163,-0.2196754187,208454_s_at,,132,208454_s_at,CPQ,10404,carboxypeptidase Q,human
-1.871827773,7.073524543,-4.245809921,0.0007163180003,0.02894655334,-0.4618305627,37512_at,,133,37512_at,HSD17B6,8630,hydroxysteroid 17-beta dehydrogenase 6,human
-1.051871722,6.002627033,-4.176882695,0.0008227760582,0.03163521869,-0.5975261297,217546_at,,134,217546_at,MT1M,4499,metallothionein 1M,human
-1.323825844,9.843886352,-4.162452831,0.0008470328913,0.0323178809,-0.6259696719,206461_x_at,,135,206461_x_at,MT1H,4496,metallothionein 1H,human
-1.499010751,7.385802339,-4.154082235,0.0008614367792,0.03261707472,-0.6424748078,204606_at,,136,204606_at,CCL21,6366,C-C motif chemokine ligand 21,human
-1.552784455,7.801643736,-4.152786751,0.0008636882121,0.03267088354,-0.6450295896,202709_at,,137,202709_at,FMOD,2331,fibromodulin,human
-1.06250182,7.713264995,-4.141943246,0.000882769915,0.03314934416,-0.6664173065,212157_at,,138,212157_at,SDC2,6383,syndecan 2,human
-1.895175332,6.841834314,-4.082576969,0.0009951165986,0.03584534363,-0.7836197138,213664_at,,139,213664_at,SLC1A1,6505,solute carrier family 1 member 1,human
-1.254603557,5.161557413,-4.054937071,0.001052286752,0.03731114018,-0.8382452408,209458_x_at,,140,209458_x_at,HBA2,3040,hemoglobin subunit alpha 2,human
,,,,,,,,141,209458_x_at,HBA1,3039,hemoglobin subunit alpha 1,human
-1.663128598,8.177774892,-4.019515895,0.001130465284,0.03909436393,-0.9082978654,204359_at,,142,204359_at,FLRT2,23768,fibronectin leucine rich transmembrane protein 2,human
-1.170904939,5.368252731,-4.01100144,0.001150122031,0.0396237694,-0.9251445731,217414_x_at,,143,217414_x_at,HBA2,3040,hemoglobin subunit alpha 2,human
,,,,,,,,144,217414_x_at,HBA1,3039,hemoglobin subunit alpha 1,human
-1.348124454,9.743811307,-4.001497805,0.001172472874,0.04011574115,-0.9439517817,203700_s_at,,145,203700_s_at,DIO2,1734,iodothyronine deiodinase 2,human
-1.123416223,10.658816,-3.985697887,0.001210612329,0.04101005518,-0.975226461,209292_at,,146,209292_at,ID4,3400,"inhibitor of DNA binding 4, HLH protein",human
-1.314933605,6.614870807,-3.982213149,0.001219192321,0.04122408174,-0.9821254343,205700_at,,147,205700_at,HSD17B6,8630,hydroxysteroid 17-beta dehydrogenase 6,human
-1.342904238,5.141507991,-3.974307012,0.001238888146,0.04176091823,-0.9977793258,204018_x_at,,148,204018_x_at,HBA2,3040,hemoglobin subunit alpha 2,human
-1.291155787,5.039238993,-3.877499951,0.001507932853,0.04759852384,-1.189607943,211699_x_at,,149,204018_x_at,HBA1,3039,hemoglobin subunit alpha 1,human
,,,,,,,,150,211699_x_at,HBA2,3040,hemoglobin subunit alpha 2,human
,,,,,,,,151,211699_x_at,HBA1,3039,hemoglobin subunit alpha 1,human
-1.086202172,5.693374398,-3.847230991,0.001603666632,0.04948107962,-1.249634596,221556_at,,152,221556_at,CDC14B,8555,cell division cycle 14B,human

UP-genes-Liang-and-Sun,Down-genes-Liang-and-Sun,UP-genes-MR-treat,Down-genes-MR-treat,UP-genes-MR-eBayes,Down-genes-MR-eBayes
CHI3L1,2-Mar,DTX4,IPCEF1,DTX4,IPCEF1
SERPINA1,ACACB,PROS1,ITPR1,PROS1,ITPR1
CITED1,ADGRA3,DPP4,CWH43,DPP4,CWH43
TENM1,ADH1B,SLC34A2,SLC4A4,PSD3,SLC4A4
CLDN1,ALDH1A1,PSD3,MATN2,NPC2,MATN2
SFTPB,ANK2,CITED1,DPP6,SLC34A2,DPP6
TACSTD2,AOX1,CLDN10,HGD,CLDN10,HGD
SLC34A2,BCL2,SERPINA1,GPM6A,CITED1,GPM6A
CYP1B1,BMP8A,ENTPD1,MPPED2,LGALS3,GHR
GDF15,CCL21,LGALS3,GHR,ENTPD1,MPPED2
DPP4,CDH16,NPC2,ITPR1,SERPINA1,ITPR1
DCSTAMP,CFD,FN1,PLCH1,GALE,PLCH1
PDLIM4,CITED2,QPCT,GPM6A,CFI,STARD13
LRP4,CLMN,SERPINA1,LIFR,QPCT,GPM6A
COMP,CPQ,CFI,HGD,CDH3,LIFR
HMGA2,CRABP1,CDH3,STARD13,FN1,HGD
RXRG,CSGALNACT1,AHNAK2,TFF3,MRC2,TFF3
ENTPD1,CTH,FN1,TPO,SERPINA1,ESRRG
ALOX5,CWH43,MRC2,ESRRG,TPD52L1,EFEMP1
SCEL,CXCL12,KLK10,ADH1B,AHNAK2,BMP8A
AHNAK2,DEPTOR,DCSTAMP,DIO1,TGFA,TPO
QPCT,DGKI,TGFA,LRP1B,RAB27A,ADH1B
CST6,DIO1,FN1,DGKI,FN1,LRP1B
CDH3,DIO2,ENTPD1,CWH43,ENTPD1,DIO1
AGR2,DPP6,TPD52L1,ZMAT4,ENTPD1,TCEAL2
KRT19,DPT,GALE,WWOX,KLK10,CWH43
FN1,EDN3,FN1,AOX1,DCSTAMP,EFEMP1
SLC27A6,EFEMP1,ABCC3,CRABP1,CAMK2N1,WWOX
PDZK1IP1,ELMO1,ENTPD1,PAPSS2,FN1,DGKI
TUSC3,EML1,CAMK2N1,PEG3,ABCC3,AOX1
KCNJ2,EPHA3,HMGA2,TTC30A,MXRA8,TCF7L1
PROS1,ESRRG,MXRA8,HLF,FN1,ZMAT4
LAMB3,FABP4,RAB27A,CLMN,P4HA2,PEG3
CAMK2N1,FAXDC2,LAMB3,SLC26A4,LAMB3,CLMN
PLXNC1,FCGBP,MET,KIT,MET,TTC30A
GALE,FGFR2,GGCT,ADH1B,GALNT7,CRABP1
DUSP5,FHL1,DPP4,SLITRK5,GGCT,CFD
DTX4,FMOD,GALNT7,RAP1GAP,HMGA2,LMOD1
PCSK2,GATM,P4HA2,CDH16,TPD52L1,PAPSS2
KLK10,GDF10,FN1,MT1F,DPP4,TLE1
PSD3,GHR,SFTPB,CTH,FN1,AKR1C1
RYR1,GLT8D2,RUNX1,ELMO1,SLC27A6,PID1
SLPI,GNA14,LOC101928269,HGD,KCNN4,ADH1B
TIAM1,GNAI1,LOC100506403,MT1F,LOC101928269,HLF
PDE5A,GPM6A,SFTPB,TLE1,LOC100506403,DPT
ABCC3,GSTM3,KCNJ2,PDE10A,RUNX1,KIT
GABBR2,HGD,KCNN4,SHANK2,SFTPB,SLITRK5
SDC4,ID4,CTSC,TNS3,KCNJ2,WFS1
NRCAM,IMPA2,HEY2,ADGRA3,CTSC,ATP2C2
TGFA,IPCEF1,TENM1,WASF3,SFTPB,EDN3
LCN2,IQGAP2,PSD3,SORBS2,PSD3,SLC26A4
CTSC,IRS1,LRP4,FABP4,HEY2,TNS3
DUSP4,ITPR1,KRT19,FHL1,SPINT1,BMP8A
TMPRSS4,KIAA1324,MUC1,CSGALNACT1,MUC1,RAP1GAP
MET,KIT,GABBR2,ALDH1A1,COL13A1,
COL13A1,LIFR,SPINT1,CITED2,KRT19,AKR1C2
ITGA2,LMOD1,SCEL,ATP2C2,TENM1,CDH16
ST6GALNAC5,LOC100506558,COL13A1,AGTR1,CCND1,HGD
KCNN4,MATN2,FN1,FCGBP,LRP4,CTH
LOC101928269,LOC101060817,PLXNC1,TBC1D4,GABBR2,SHANK2
LOC100506403,GCSH,EPS8,BEX1,FN1,ELMO1
RUNX1,LOC101930400,TIAM1,HLF,EPS8,PDE10A
COL1A1,AKR1C2,CCND1,PPARGC1A,SFTPB,MT1F
CLDN10,LRIG1LRP1B,TUSC3,LRIG1,SCEL,KCNAB1
NRP2,LRP2,ALDH1A3,NCAM1,TUSC3,ADGRA3
MPZL2,LRRC2,TMPRSS4,DEPTOR,DUSP4,SORBS2
GALNT7,LYVE1,NOD1,FHL1,ETV5,WASF3
LGALS3,MAFB,DUSP4,RGS16,DPYSL3,CSGALNACT1
CFI,MAGI2,NRCAM,PKNOX2,PLXNC1,ALDH1A1
TMC6,MINA,LCN2,IRS1,NOD1,TFPI
ALDH1A3,MLF1.00,CHI3L1,TNFRSF11B,TIAM1,FCGBP
LOC101927705,MPPED2,PDLIM4,SELENBP1,TMPRSS4,TBC1D4
P4HA2,MT1F,RAB27A,FAXDC2,TUSC3,FHL1
RAB27A,MT1G,PTPRE,SYNE1,RAB27A,FABP4
PTPRE,NCAM1,ETV5,ACACB,ST6GALNAC5,FGFR2
CD55,NUAK2,TUSC3,FGFR2,ALDH1A3,CITED2
ALOX15B,AKIP1,CDH6,MT1F,SFTPB,LRIG1
ETV5,OGDHL,RXRG,ZFPM2,PTPRE,RGS16
SEL1L3,PAPSS2,CHI3L1,OGDHL,NRCAM,DPT
NOD1,PDE10A,TUSC3,LRP2,CDH6,HSPB11
MXRA8,PEG3,CYP1B1,PAPSS2,LCN2,AGTR1
DUSP6,PID1,DUSP5,FHL1,GJB3,BEX1
BID,PKIA,GDF15,TBC1D4,PDLIM4,IRS1
GGCT,PKNOX2,TACSTD2,CA4,TUSC3,HLF
COL8A2,PLA2G7,GJB3,HSPB11,CHI3L1,NCAM1
ZMAT3,PLCH1,MPZL2,FGFR2,RXRG,OGDHL
HEY2,PPARGC1A,PDZK1IP1,HBB,CD55,SELENBP1
CDC42EP3,PRKCQ,PDLIM4,FHL1,CFB,FHL1
MUC1,RAP1GAP,COMP,IQGAP2,DUSP6,DEPTOR
PRSS23,RGS16,PRSS23,EPHA3,COMP,GLDC
TNIK,RYR2,TNFRSF21,VLDLR,MUC1,AKR1C2
PLAG1,SDPR,TIMP1,BCL2,PRSS23,ACACB
PRSS2,SELENBP1,DPP4,MAFB,MFGE8,PPARGC1A
TBC1D2,SHANK2,CYP1B1,MAGI2,DUSP5,FAXDC2
PTP4A3,SLC26A4,SDC4,MLLT3,MPZL2,PKNOX2
ARMCX3,SLC4A4,CTSH,PKNOX2,PDZK1IP1,FHL1
MRC2,SORBS2,MFGE8,SLC39A14,GDF15,TNFRSF11B
NOX4,SORD,,POLI,CYP1B1,TBC1D4
NFE2L3,STARD13,,,DPP4,HBA2
CCND1,SYNE1,,,CHI3L1,HBA1
SPINT1,TBC1D4,,,PDLIM4,SYNE1
CDH6,TCEAL2,,,TACSTD2,PAPSS2
COL8A1,TFCP2L1,,,TNFRSF21,CA4
KLHDC8A,TFF3,,,PCSK2,MT1F
DDB2,TFPI,,,IGF2BP2,FGFR2
TPD52L1,TLE4,,,RYR1,ZFPM2
EPS8,TNFRSF11B,,,SDC4,TLE4
TNFRSF21,TNS3,,,TIMP1,LRP2
NPC2,TPO,,,ITGA3,FHL1
IGSF3,TPPP,,,BID,MLLT3
GJB3,TTC30A,,,CYP1B1,BCL2
SOX4,VLDLR,,,CTSH,HBB
MAMLD1,WASF3,,,CDC42EP3,MAFB
ITGA3,WFS1,,,SLPI,SLC39A14
,WWOX,,,AGR2,VLDLR
,ZFPM2,,,DIRAS3,EPHA3
,ZMAT4,,,COL1A1,POLI
,,,,MPZL2,MAGI2
,,,,ARMCX3,IQGAP2
,,,,RAB27A,GCSH
,,,,DUSP6,ANK2
,,,,COL1A1,MMRN1
,,,,PDLIM4,HBA2
,,,,ALOX5,HBA1
,,,,CST6,GCSH
,,,,COL8A2,HBB
,,,,S100A11,PKNOX2
,,,,CYP1B1,CXCL12
,,,,TMC6,MLLT3
,,,,BID,HBB
,,,,TYMS,RIOX2
,,,,CHST2,PLA2G7
,,,,,CPQ
,,,,,HSD17B6
,,,,,MT1M
,,,,,MT1H
,,,,,CCL21
,,,,,FMOD
,,,,,SDC2
,,,,,SLC1A1
,,,,,HBA2
,,,,,HBA1
,,,,,FLRT2
,,,,,HBA2
,,,,,HBA1
,,,,,DIO2
,,,,,ID4
,,,,,HSD17B6
,,,,,HBA2
,,,,,HBA1
,,,,,HBA2
,,,,,HBA1
,,,,,CDC14B
